GUID,GEOGID,GEOGDESC,T1_1AGE0M,T1_1AGE1M,T1_1AGE2M,T1_1AGE3M,T1_1AGE4M,T1_1AGE5M,T1_1AGE6M,T1_1AGE7M,T1_1AGE8M,T1_1AGE9M,T1_1AGE10M,T1_1AGE11M,T1_1AGE12M,T1_1AGE13M,T1_1AGE14M,T1_1AGE15M,T1_1AGE16M,T1_1AGE17M,T1_1AGE18M,T1_1AGE19M,T1_1AGE20_24M,T1_1AGE25_29M,T1_1AGE30_34M,T1_1AGE35_39M,T1_1AGE40_44M,T1_1AGE45_49M,T1_1AGE50_54M,T1_1AGE55_59M,T1_1AGE60_64M,T1_1AGE65_69M,T1_1AGE70_74M,T1_1AGE75_79M,T1_1AGE80_84M,T1_1AGEGE_85M,T1_1AGETM,T1_1AGE0F,T1_1AGE1F,T1_1AGE2F,T1_1AGE3F,T1_1AGE4F,T1_1AGE5F,T1_1AGE6F,T1_1AGE7F,T1_1AGE8F,T1_1AGE9F,T1_1AGE10F,T1_1AGE11F,T1_1AGE12F,T1_1AGE13F,T1_1AGE14F,T1_1AGE15F,T1_1AGE16F,T1_1AGE17F,T1_1AGE18F,T1_1AGE19F,T1_1AGE20_24F,T1_1AGE25_29F,T1_1AGE30_34F,T1_1AGE35_39F,T1_1AGE40_44F,T1_1AGE45_49F,T1_1AGE50_54F,T1_1AGE55_59F,T1_1AGE60_64F,T1_1AGE65_69F,T1_1AGE70_74F,T1_1AGE75_79F,T1_1AGE80_84F,T1_1AGEGE_85F,T1_1AGETF,T1_1AGE0T,T1_1AGE1T,T1_1AGE2T,T1_1AGE3T,T1_1AGE4T,T1_1AGE5T,T1_1AGE6T,T1_1AGE7T,T1_1AGE8T,T1_1AGE9T,T1_1AGE10T,T1_1AGE11T,T1_1AGE12T,T1_1AGE13T,T1_1AGE14T,T1_1AGE15T,T1_1AGE16T,T1_1AGE17T,T1_1AGE18T,T1_1AGE19T,T1_1AGE20_24T,T1_1AGE25_29T,T1_1AGE30_34T,T1_1AGE35_39T,T1_1AGE40_44T,T1_1AGE45_49T,T1_1AGE50_54T,T1_1AGE55_59T,T1_1AGE60_64T,T1_1AGE65_69T,T1_1AGE70_74T,T1_1AGE75_79T,T1_1AGE80_84T,T1_1AGEGE_85T,T1_1AGETT,T1_2SGLM,T1_2MARM,T1_2SEPM,T1_2DIVM,T1_2WIDM,T1_2TM,T1_2SGLF,T1_2MARF,T1_2SEPF,T1_2DIVF,T1_2WIDF,T1_2TF,T1_2SGLT,T1_2MART,T1_2SEPT,T1_2DIVT,T1_2WIDT,T1_2T,T2_1IEBP,T2_1UKBP,T2_1PLBP,T2_1LTBP,T2_1EUBP,T2_1RWBP,T2_1NSBP,T2_1TBP,T2_1IEN,T2_1UKN,T2_1PLN,T2_1LTN,T2_1EUN,T2_1RWN,T2_1NSN,T2_1TN,T2_2WI,T2_2WIT,T2_2OW,T2_2BBI,T2_2AAI,T2_2OTH,T2_2NS,T2_2T,T2_3SA,T2_3EC,T2_3EI,T2_3OI,T2_3T,T2_4CA,T2_4OR,T2_4NR,T2_4NS,T2_4T,T2_5PL,T2_5FR,T2_5LT,T2_5OTH,T2_5T,T2_6VW,T2_6W,T2_6NW,T2_6NAA,T2_6NS,T2_6T,T3_1YES,T3_1NO,T3_1NS,T3_1T,T3_2DIM,T3_2DIDOM,T3_2DIWOM,T3_2DILOOM,T3_2DINOM,T3_2DOESM,T3_2WOESM,T3_2LOOESM,T3_2NOESM,T3_2NSM,T3_2ALLM,T3_2DIF,T3_2DIDOF,T3_2DIWOF,T3_2DILOOF,T3_2DINOF,T3_2DOESF,T3_2WOESF,T3_2LOOESF,T3_2NOESF,T3_2NSF,T3_2ALLF,T3_2DIT,T3_2DIDOT,T3_2DIWOT,T3_2DILOOT,T3_2DINOT,T3_2DOEST,T3_2WOEST,T3_2LOOEST,T3_2NOEST,T3_2NST,T3_2ALLT,T4_1_2PF,T4_1_3PF,T4_1_4PF,T4_1_5PF,T4_1_GRE_6PF,T4_1_TF,T4_1_2PP,T4_1_3PP,T4_1_4PP,T4_1_5PP,T4_1_GRE_6PP,T4_1_TP,T4_1_2PC,T4_1_3PC,T4_1_4PC,T4_1_5PC,T4_1_GRE_6PC,T4_1_TC,T4_2_NCU15,T4_2_1CU15,T4_2_2CU15,T4_2_3CU15,T4_2_4CU15,T4_2_GE5CU15,T4_2_TCU15,T4_2_NCO15,T4_2_1CO15,T4_2_2CO15,T4_2_3CO15,T4_2_4CO15,T4_2_GE5CO15,T4_2_TCO15,T4_2_NCUO15,T4_2_1CUO15,T4_2_2CUO15,T4_2_3CUO15,T4_2_4CUO15,T4_2_GE5CUO15,T4_2_TCUO15,T4_2_NCT,T4_2_1CT,T4_2_2CT,T4_2_3CT,T4_2_4CT,T4_2_GE5CT,T4_2_TCT,T4_3FCCU15,T4_3FCCO15,T4_3FCCUO15,T4_3FCCT,T4_3FOPMCU15,T4_3FOPMCO15,T4_3FOPMCUO15,T4_3FOPMCT,T4_3FOPFCU15,T4_3FOPFCO15,T4_3FOPFCUO15,T4_3FOPFCT,T4_3CCCU15,T4_3CCCO15,T4_3CCCUO15,T4_3CCCT,T4_3COPMCU15,T4_3COPMCO15,T4_3COPMCUO15,T4_3COPMCT,T4_3COPFCU15,T4_3COPFCO15,T4_3COPFCUO15,T4_3COPFCT,T4_4AGE0_4F,T4_4AGE5_9F,T4_4AGE10_14F,T4_4AGE15_19F,T4_4AGE_GE20F,T4_4TF,T4_4AGE0_4P,T4_4AGE5_9P,T4_4AGE10_14P,T4_4AGE15_19P,T4_4AGE_GE20P,T4_4TP,T4_5PFF,T4_5ENF,T4_5RF,T4_5PSF,T4_5ESF,T4_5PAF,T4_5ADOF,T4_5ADUF,T4_5TF,T4_5PFP,T4_5ENP,T4_5RP,T4_5PSP,T4_5ESP,T4_5PAP,T4_5ADOP,T4_5ADUP,T4_5TP,T4_6_0C,T4_6_1C,T4_6_2C,T4_6_3C,T4_6_GE4C,T4_6T,T5_1OP_H,T5_1MC_H,T5_1CC_H,T5_1MCC_H,T5_1CCC_H,T5_1OPFC_H,T5_1OPMC_H,T5_1CO_H,T5_1CCO_H,T5_1OPFCO_H,T5_1OPMCO_H,T5_1GETFU_H,T5_1NHR_H,T5_1GENP_H,T5_1T_H,T5_1OP_P,T5_1MC_P,T5_1CC_P,T5_1MCC_P,T5_1CCC_P,T5_1OPFC_P,T5_1OPMC_P,T5_1CO_P,T5_1CCO_P,T5_1OPFCO_P,T5_1OPMCO_P,T5_1GETFU_P,T5_1NHR_P,T5_1GENP_P,T5_1T_P,T5_2_1PH,T5_2_2PH,T5_2_3PH,T5_2_4PH,T5_2_5PH,T5_2_6PH,T5_2_7PH,T5_2_GE8PH,T5_2_TH,T5_2_1PP,T5_2_2PP,T5_2_3PP,T5_2_4PP,T5_2_5PP,T5_2_6PP,T5_2_7PP,T5_2_GE8PP,T5_2_TP,T6_1_HB_H,T6_1_FA_H,T6_1_BS_H,T6_1_CM_H,T6_1_NS_H,T6_1_TH,T6_1_HB_P,T6_1_FA_P,T6_1_BS_P,T6_1_CM_P,T6_1_NS_P,T6_1_TP,T6_2_PRE19H,T6_2_19_45H,T6_2_46_60H,T6_2_61_70H,T6_2_71_80H,T6_2_81_90H,T6_2_91_00H,T6_2_01_10H,T6_2_11LH,T6_2_NSH,T6_2_TH,T6_2_PRE19P,T6_2_19_45P,T6_2_46_60P,T6_2_61_70P,T6_2_71_80P,T6_2_81_90P,T6_2_91_00P,T6_2_01_10P,T6_2_11LP,T6_2_NSP,T6_2_TP,T6_3_OMLH,T6_3_OOH,T6_3_RPLH,T6_3_RLAH,T6_3_RVCHBH,T6_3_OFRH,T6_3_NSH,T6_3_TH,T6_3_OMLP,T6_3_OOP,T6_3_RPLP,T6_3_RLAP,T6_3_RVCHBP,T6_3_OFRP,T6_3_NSP,T6_3_TP,T6_4_1RH,T6_4_2RH,T6_4_3RH,T6_4_4RH,T6_4_5RH,T6_4_6RH,T6_4_7RH,T6_4_GE8RH,T6_4_NSH,T6_4_TH,T6_4_1RP,T6_4_2RP,T6_4_3RP,T6_4_4RP,T6_4_5RP,T6_4_6RP,T6_4_7RP,T6_4_GE8RP,T6_4_NSP,T6_4_TP,T6_5_NCH,T6_5_OCH,T6_5_NGCH,T6_5_ECH,T6_5_CCH,T6_5_PCH,T6_5_LPGCH,T6_5_WCH,T6_5_OTH,T6_5_NS,T6_5_T,T6_6_PM,T6_6_GSLA,T6_6_GSP,T6_6_OP,T6_6_N,T6_6_NS,T6_6_T,T6_7_PS,T6_7_IST,T6_7_OIT,T6_7_OTH,T6_7_NSF,T6_7_NS,T6_7_T,T6_8_O,T6_8_TA,T6_8_UHH,T6_8_OVD,T6_8_T,T7_1_NE,T7_1_NP,T8_1_WM,T8_1_LFFJM,T8_1_ULGUPJM,T8_1_SM,T8_1_LAHFM,T8_1_RM,T8_1_UTWSDM,T8_1_OTHM,T8_1_TM,T8_1_WF,T8_1_LFFJF,T8_1_ULGUPJF,T8_1_SF,T8_1_LAHFF,T8_1_RF,T8_1_UTWSDF,T8_1_OTHF,T8_1_TF,T8_1_WT,T8_1_LFFJT,T8_1_ULGUPJT,T8_1_ST,T8_1_LAHFT,T8_1_RT,T8_1_UTWSDT,T8_1_OTHT,T8_1_TT,T9_1_PWM,T9_1_MTM,T9_1_NMM,T9_1_SM,T9_1_SSM,T9_1_USM,T9_1_OTHGEUM,T9_1_TM,T9_1_PWF,T9_1_MTF,T9_1_NMF,T9_1_SF,T9_1_SSF,T9_1_USF,T9_1_OTHGEUF,T9_1_TF,T9_1_PWT,T9_1_MTT,T9_1_NMT,T9_1_ST,T9_1_SST,T9_1_UST,T9_1_OTHGEUT,T9_1_TT,T9_2_HA,T9_2_HB,T9_2_HC,T9_2_HD,T9_2_HE,T9_2_HF,T9_2_HG,T9_2_HH,T9_2_HI,T9_2_HJ,T9_2_HZ,T9_2_HT,T9_2_PA,T9_2_PB,T9_2_PC,T9_2_PD,T9_2_PE,T9_2_PF,T9_2_PG,T9_2_PH,T9_2_PI,T9_2_PJ,T9_2_PZ,T9_2_PT,T10_1_LT15M,T10_1_15M,T10_1_16M,T10_1_17M,T10_1_18M,T10_1_19M,T10_1_20M,T10_1_GE21M,T10_1_NSM,T10_1_TM,T10_1_LT15F,T10_1_15F,T10_1_16F,T10_1_17F,T10_1_18F,T10_1_19F,T10_1_20F,T10_1_GE21F,T10_1_NSF,T10_1_TF,T10_1_LT15T,T10_1_15T,T10_1_16T,T10_1_17T,T10_1_18T,T10_1_19T,T10_1_20T,T10_1_GE21T,T10_1_NST,T10_1_TT,T10_2_SASM,T10_2_OTHM,T10_2_SASF,T10_2_OTHF,T10_2_SAST,T10_2_OTHT,T10_3_EDUM,T10_3_ARTM,T10_3_HUMM,T10_3_SOCM,T10_3_SCIM,T10_3_ENGM,T10_3_AGRM,T10_3_HEAM,T10_3_SERM,T10_3_OTHM,T10_3_NSM,T10_3_TM,T10_3_EDUF,T10_3_ARTF,T10_3_HUMF,T10_3_SOCF,T10_3_SCIF,T10_3_ENGF,T10_3_AGRF,T10_3_HEAF,T10_3_SERF,T10_3_OTHF,T10_3_NSF,T10_3_TF,T10_3_EDUT,T10_3_ARTT,T10_3_HUMT,T10_3_SOCT,T10_3_SCIT,T10_3_ENGT,T10_3_AGRT,T10_3_HEAT,T10_3_SERT,T10_3_OTHT,T10_3_NST,T10_3_TT,T10_4_NFM,T10_4_PM,T10_4_LSM,T10_4_USM,T10_4_TVM,T10_4_ACCAM,T10_4_HCM,T10_4_ODNDM,T10_4_HDPQM,T10_4_PDM,T10_4_DM,T10_4_NSM,T10_4_TM,T10_4_NFF,T10_4_PF,T10_4_LSF,T10_4_USF,T10_4_TVF,T10_4_ACCAF,T10_4_HCF,T10_4_ODNDF,T10_4_HDPQF,T10_4_PDF,T10_4_DF,T10_4_NSF,T10_4_TF,T10_4_NFT,T10_4_PT,T10_4_LST,T10_4_UST,T10_4_TVT,T10_4_ACCAT,T10_4_HCT,T10_4_ODNDT,T10_4_HDPQT,T10_4_PDT,T10_4_DT,T10_4_NST,T10_4_TT,T11_1_FW,T11_1_BIW,T11_1_BUW,T11_1_TDLW,T11_1_MW,T11_1_CDW,T11_1_CPW,T11_1_VW,T11_1_OTHW,T11_1_WMFHW,T11_1_NSW,T11_1_TW,T11_1_FS,T11_1_BIS,T11_1_BUS,T11_1_TDLS,T11_1_MS,T11_1_CDS,T11_1_CPS,T11_1_VS,T11_1_OTHS,T11_1_WMFHS,T11_1_NSS,T11_1_TS,T11_1_FT,T11_1_BIT,T11_1_BUT,T11_1_TDLT,T11_1_MT,T11_1_CDT,T11_1_CPT,T11_1_VT,T11_1_OTHT,T11_1_WMFHT,T11_1_NST,T11_1_TT,T11_2_T1,T11_2_T2,T11_2_T3,T11_2_T4,T11_2_T5,T11_2_T6,T11_2_T7,T11_2_T8,T11_2_NS,T11_2_T,T11_3_D1,T11_3_D2,T11_3_D3,T11_3_D4,T11_3_D5,T11_3_D6,T11_3_NS,T11_3_T,T12_1_M,T12_1_F,T12_1_T,T12_2_M,T12_2_F,T12_2_T,T12_3_VGM,T12_3_VGF,T12_3_VGT,T12_3_GM,T12_3_GF,T12_3_GT,T12_3_FM,T12_3_FF,T12_3_FT,T12_3_BM,T12_3_BF,T12_3_BT,T12_3_VBM,T12_3_VBF,T12_3_VBT,T12_3_NSM,T12_3_NSF,T12_3_NST,T12_3_TM,T12_3_TF,T12_3_TT,T13_1_MDSOM,T13_1_POM,T13_1_APTOM,T13_1_ASOM,T13_1_STOM,T13_1_CLOSOM,T13_1_SCSOM,T13_1_PPMOM,T13_1_EOM,T13_1_NSM,T13_1_TM,T13_1_MDSOF,T13_1_POF,T13_1_APTOF,T13_1_ASOF,T13_1_STOF,T13_1_CLOSOF,T13_1_SCSOF,T13_1_PPMOF,T13_1_EOF,T13_1_NSF,T13_1_TF,T13_1_MDSOT,T13_1_POT,T13_1_APTOT,T13_1_ASOT,T13_1_STOT,T13_1_CLOSOT,T13_1_SCSOT,T13_1_PPMOT,T13_1_EOT,T13_1_NST,T13_1_TT,T14_1_AFFM,T14_1_BCM,T14_1_MIM,T14_1_CTM,T14_1_TCM,T14_1_PAM,T14_1_PSM,T14_1_OTHM,T14_1_TM,T14_1_AFFF,T14_1_BCF,T14_1_MIF,T14_1_CTF,T14_1_TCF,T14_1_PAF,T14_1_PSF,T14_1_OTHF,T14_1_TF,T14_1_AFFT,T14_1_BCT,T14_1_MIT,T14_1_CTT,T14_1_TCT,T14_1_PAT,T14_1_PST,T14_1_OTHT,T14_1_TT,T15_1_NC,T15_1_1C,T15_1_2C,T15_1_3C,T15_1_GE4C,T15_1_NSC,T15_1_TC,T15_2_Y,T15_2_N,T15_2_NS,T15_2_T,T15_3_B,T15_3_OTH,T15_3_N,T15_3_NS,T15_3_T
14EF29CF-C62C-4348-A4DE-172EC3B475EF,LPT2012_049020,Cléire,2,0,0,0,0,1,0,0,0,0,0,1,2,0,0,0,0,2,1,3,3,10,3,1,3,7,9,6,7,9,2,0,1,2,75,0,0,0,0,2,0,3,0,2,0,2,0,0,1,1,1,0,2,0,1,4,6,7,6,2,3,5,7,4,5,1,3,2,2,72,2,0,0,0,2,1,3,0,2,0,2,1,2,1,1,1,0,4,1,4,7,16,10,7,5,10,14,13,11,14,3,3,3,4,147,42,26,3,4,0,75,36,25,1,4,6,72,78,51,4,8,6,147,96,15,0,0,4,5,0,120,102,13,0,0,4,1,0,120,99,0,18,0,0,1,2,120,105,4,9,0,118,74,24,45,4,147,0,5,0,1,6,3,3,0,0,0,6,90,54,1,145,2,3,0,0,0,15,6,18,2,0,46,11,4,0,0,0,14,4,11,0,0,44,13,7,0,0,0,29,10,29,2,0,90,13,8,7,1,2,31,26,24,28,5,15,98,3,8,15,3,11,40,0,3,3,0,0,1,7,0,8,3,1,0,0,12,0,0,0,1,0,1,2,10,11,6,2,0,2,31,6,10,1,17,1,1,1,3,0,1,0,1,13,15,6,34,1,1,3,5,0,1,0,1,3,3,3,5,7,21,14,10,15,19,20,78,1,4,5,2,2,3,3,11,31,2,8,10,7,6,14,10,41,98,9,4,13,11,6,43,20,5,5,12,4,1,1,0,1,0,2,0,0,0,51,20,10,10,51,14,2,2,0,5,0,9,0,0,0,123,20,12,7,7,3,0,1,1,51,20,24,21,28,15,0,7,8,123,48,1,0,0,2,51,119,2,0,0,2,123,13,10,1,2,6,2,5,9,0,3,51,28,29,1,3,18,7,13,21,0,3,123,10,30,6,2,1,1,1,51,38,55,14,6,7,2,1,123,1,1,3,7,10,12,7,6,4,51,2,4,4,12,28,30,17,18,8,123,3,28,0,1,14,0,0,3,0,2,51,43,3,0,3,0,2,51,0,41,7,0,0,3,51,55,7,37,18,117,1,25,45,0,1,6,0,14,3,0,69,36,0,2,6,5,12,0,0,61,81,0,3,12,5,26,3,0,130,12,19,6,7,21,2,8,75,13,22,14,3,13,1,6,72,25,41,20,10,34,3,14,147,7,0,7,5,2,4,2,10,7,0,7,51,24,0,18,11,3,12,7,22,19,0,7,123,6,6,6,0,3,0,2,19,17,59,1,2,3,2,6,1,1,25,14,55,7,8,9,2,9,1,3,44,31,114,6,4,6,0,12,4,1,0,1,3,5,14,5,0,4,0,26,59,8,1,3,7,2,11,0,3,1,0,19,55,9,1,4,10,7,25,5,3,5,0,45,114,1,14,11,2,5,2,1,3,15,3,1,1,59,0,3,7,8,3,1,1,6,18,4,2,2,55,1,17,18,10,8,3,2,9,33,7,3,3,114,11,0,1,0,0,27,1,3,1,10,1,55,13,3,7,0,0,0,2,0,0,0,0,25,24,3,8,0,0,27,3,3,1,10,1,80,1,2,1,6,14,24,15,7,0,70,50,12,2,1,1,3,1,70,11,3,14,5,7,12,38,37,75,31,31,62,6,3,9,0,0,0,0,0,0,0,1,1,75,72,147,2,13,5,1,13,2,0,4,3,3,46,2,16,2,6,2,6,0,2,1,1,38,4,29,7,7,15,8,0,6,4,4,84,3,14,2,2,7,4,7,6,45,2,13,0,3,2,0,13,3,36,5,27,2,5,9,4,20,9,81,3,26,13,4,2,3,51,36,14,1,51,30,7,11,3,51
A47C61C7-7F53-4E1E-930D-84DA352F1807,LPT2012_049021,Múscraí,25,31,31,29,20,40,21,31,36,29,27,24,22,26,34,26,22,31,21,23,89,80,121,157,138,151,146,132,110,90,79,54,33,21,"1,950",25,25,29,27,31,24,38,21,29,26,25,21,26,27,17,25,30,20,17,18,97,89,129,146,138,104,113,117,98,101,65,66,42,29,"1,835",50,56,60,56,51,64,59,52,65,55,52,45,48,53,51,51,52,51,38,41,186,169,250,303,276,255,259,249,208,191,144,120,75,50,"3,785","1,062",763,42,31,52,"1,950",872,774,23,23,143,"1,835","1,934","1,537",65,54,195,"3,785","3,326",192,70,1,90,54,0,"3,733","3,401",119,74,1,95,24,19,"3,733","3,345",0,294,8,11,20,55,"3,733","3,517",101,24,42,"3,684","3,268",133,328,56,"3,785",85,24,1,139,249,124,87,27,7,4,249,"2,782",787,50,"3,619",314,106,2,1,0,293,213,385,90,11,"1,415",327,133,3,6,0,304,214,312,59,9,"1,367",641,239,5,7,0,597,427,697,149,20,"2,782",341,184,212,150,70,957,682,552,848,750,439,"3,271",88,211,434,457,300,"1,490",0,92,118,74,22,4,310,0,153,90,34,18,1,296,0,0,21,45,20,12,98,253,245,229,153,60,17,957,279,203,89,571,28,69,6,103,3,24,3,30,615,380,290,"1,285",39,96,18,153,4,36,12,52,193,116,99,93,203,704,805,499,450,386,625,"2,765",69,89,95,99,115,96,101,293,957,138,178,190,341,490,416,446,"1,072","3,271",381,130,223,213,335,"1,282",370,195,40,502,38,27,88,8,23,3,6,13,28,20,"1,361",370,390,80,"2,153",149,74,220,24,124,13,23,69,57,54,"3,800",370,353,181,215,157,64,16,5,"1,361",370,706,543,860,785,384,112,40,"3,800","1,335",14,1,8,3,"1,361","3,748",33,1,12,6,"3,800",330,132,45,47,106,116,157,337,48,35,"1,353",766,301,93,107,253,381,569,"1,099",123,96,"3,788",375,714,144,35,12,49,24,"1,353","1,333","1,834",348,96,13,101,63,"3,788",6,21,52,108,250,267,294,302,53,"1,353",6,38,103,232,570,720,938,"1,053",128,"3,788",31,881,5,43,86,62,8,208,12,17,"1,353",347,47,46,876,3,34,"1,353",282,920,91,14,5,41,"1,353","1,358",36,28,282,"1,704",3,41,995,7,71,149,16,236,46,4,"1,524",729,3,46,156,263,204,40,3,"1,444","1,724",10,117,305,279,440,86,7,"2,968",178,562,229,511,205,63,202,"1,950",149,591,348,285,195,46,221,"1,835",327,"1,153",577,796,400,109,423,"3,785",147,60,165,135,171,98,45,90,273,14,163,"1,361",453,209,466,364,554,262,110,283,736,30,333,"3,800",101,89,167,94,125,61,74,267,315,"1,293",56,39,89,83,152,59,85,353,307,"1,223",157,128,256,177,277,120,159,620,622,"2,516",149,82,156,65,305,147,57,22,20,72,41,247,163,13,32,0,626,"1,293",150,20,27,178,40,32,26,161,68,1,520,"1,223",207,42,47,250,81,279,189,174,100,1,"1,146","2,516",28,157,293,190,141,150,44,100,88,63,9,30,"1,293",19,107,162,208,145,58,83,123,151,120,8,39,"1,223",47,264,455,398,286,208,127,223,239,183,17,69,"2,516",65,11,16,1,2,"1,060",36,187,25,251,53,"1,707",69,3,203,2,0,58,480,2,0,4,25,846,134,14,219,3,2,"1,118",516,189,25,255,78,"2,553",123,173,235,321,383,522,333,114,94,"2,298",901,438,325,210,236,37,151,"2,298",179,183,362,78,98,176,"1,251","1,210","2,461",518,464,982,125,110,235,14,14,28,4,2,6,38,35,73,"1,950","1,835","3,785",65,118,74,18,501,8,29,138,72,43,"1,066",39,201,65,114,56,123,48,24,64,41,775,104,319,139,132,557,131,77,162,136,84,"1,841",240,112,213,133,76,28,96,97,995,28,6,77,134,20,32,300,132,729,268,118,290,267,96,60,396,229,"1,724",85,492,575,117,64,20,"1,353",930,398,25,"1,353",841,160,325,27,"1,353"
A84CBD4F-A1FE-4558-A501-40440114CB12,LPT2012_059020,Tuaisceart Dhún na nGall,19,14,19,16,12,17,16,20,19,21,24,28,11,18,20,19,19,21,13,18,55,75,62,86,99,112,87,96,100,106,82,55,39,25,"1,443",18,16,16,16,27,23,24,17,22,16,19,19,21,20,20,22,16,15,14,11,51,57,67,100,101,90,79,90,87,93,67,57,36,28,"1,375",37,30,35,32,39,40,40,37,41,37,43,47,32,38,40,41,35,36,27,29,106,132,129,186,200,202,166,186,187,199,149,112,75,53,"2,818",752,591,30,33,37,"1,443",648,551,38,26,112,"1,375","1,400","1,142",68,59,149,"2,818","2,296",397,7,0,11,42,0,"2,753","2,586",124,8,0,6,12,17,"2,753","2,568",0,124,2,5,17,37,"2,753","2,630",55,7,24,"2,716","2,494",195,92,37,"2,818",8,20,0,74,102,81,12,7,0,2,102,"1,667","1,008",41,"2,716",185,19,6,1,1,99,109,321,94,15,850,200,40,9,2,0,88,93,297,84,4,817,385,59,15,3,1,187,202,618,178,19,"1,667",281,148,136,78,54,697,562,444,544,390,340,"2,280",83,188,283,238,234,"1,026",0,69,77,37,17,4,204,0,122,65,23,10,2,222,0,0,23,25,17,8,73,198,191,165,85,44,14,697,153,146,60,359,46,60,13,119,5,16,0,21,339,270,194,803,76,82,37,195,8,20,0,28,122,93,62,64,158,499,498,391,255,255,485,"1,884",28,74,96,50,72,82,84,211,697,56,148,192,163,270,347,362,742,"2,280",249,110,188,142,272,961,319,167,16,311,28,18,102,10,13,3,11,9,36,9,"1,052",319,334,32,"1,322",113,40,274,31,67,13,40,59,78,23,"2,745",319,293,152,143,85,44,12,4,"1,052",319,586,456,572,425,264,84,39,"2,745","1,005",23,0,13,11,"1,052","2,664",31,0,21,29,"2,745",115,77,60,67,132,132,162,243,21,30,"1,039",264,141,141,131,297,321,494,797,58,80,"2,724",239,554,70,104,18,33,21,"1,039",856,"1,252",219,264,21,67,45,"2,724",6,46,87,130,210,191,155,166,48,"1,039",9,64,192,286,511,505,458,594,105,"2,724",23,617,6,24,176,138,4,26,6,19,"1,039",723,108,21,155,2,30,"1,039",224,728,43,10,2,32,"1,039","1,054",29,898,279,"2,260",3,90,526,15,150,102,15,298,58,5,"1,169",460,6,75,106,158,225,46,5,"1,081",986,21,225,208,173,523,104,10,"2,250",63,337,178,313,204,95,253,"1,443",61,357,278,162,190,59,268,"1,375",124,694,456,475,394,154,521,"2,818",104,29,118,145,93,93,60,56,126,2,226,"1,052",288,65,330,412,285,284,142,165,327,5,442,"2,745",119,63,103,98,100,31,32,149,337,"1,032",78,34,69,66,93,27,49,208,309,933,197,97,172,164,193,58,81,357,646,"1,965",102,35,106,42,208,77,24,8,16,56,33,117,57,22,30,0,669,"1,032",72,6,28,123,35,10,5,112,54,0,488,933,96,14,44,179,68,127,62,134,84,0,"1,157","1,965",48,195,199,194,68,55,47,61,59,33,8,65,"1,032",38,142,116,162,69,39,62,77,104,76,1,47,933,86,337,315,356,137,94,109,138,163,109,9,112,"1,965",32,0,15,4,1,596,48,122,7,70,62,957,23,4,314,0,0,40,195,3,0,4,19,602,55,4,329,4,1,636,243,125,7,74,81,"1,559",39,62,112,266,290,220,285,129,82,"1,485",529,323,301,117,63,27,125,"1,485",206,200,406,51,89,140,776,758,"1,534",466,431,897,143,134,277,17,19,36,5,5,10,36,28,64,"1,443","1,375","2,818",58,51,53,15,216,18,24,71,90,80,676,25,100,22,99,29,93,36,14,58,59,535,83,151,75,114,245,111,60,85,148,139,"1,211",97,63,41,79,47,26,61,112,526,17,8,12,79,13,25,187,119,460,114,71,53,158,60,51,248,231,986,129,472,353,44,22,19,"1,039",563,449,27,"1,039",495,170,349,25,"1,039"
23758E72-1C05-4726-BA8F-475ABD6380A2,LPT2012_059021,"Gaoth Dobhair, Rann na Feirste, Anagaire agus Loch an Iúir",29,37,37,46,34,34,43,36,46,32,50,44,44,43,39,53,47,43,39,32,136,121,114,148,221,211,225,201,160,150,161,136,84,60,"2,936",39,22,27,33,33,38,32,51,43,40,34,42,46,44,45,34,38,40,32,26,116,104,136,189,204,240,231,189,197,138,175,116,91,94,"2,959",68,59,64,79,67,72,75,87,89,72,84,86,90,87,84,87,85,83,71,58,252,225,250,337,425,451,456,390,357,288,336,252,175,154,"5,895","1,574","1,177",55,48,82,"2,936","1,304","1,211",80,76,288,"2,959","2,878","2,388",135,124,370,"5,895","4,461","1,133",67,4,44,115,0,"5,824","5,272",323,70,3,32,49,75,"5,824","5,307",0,346,1,19,28,123,"5,824","5,478",155,48,76,"5,757","5,408",123,257,107,"5,895",69,41,2,160,272,159,71,31,3,8,272,"4,773",839,92,"5,704",528,261,5,1,0,"1,155",137,206,35,23,"2,351",554,317,4,1,0,"1,167",152,186,23,18,"2,422","1,082",578,9,2,0,"2,322",289,392,58,41,"4,773",646,351,303,183,76,"1,559","1,292","1,053","1,212",915,481,"4,953",187,447,636,554,331,"2,155",0,136,175,94,27,4,436,0,306,135,43,11,2,497,0,0,59,71,23,14,167,459,442,369,208,61,20,"1,559",319,320,141,780,108,148,23,279,9,29,3,41,714,512,429,"1,655",168,205,60,433,16,42,9,67,261,173,169,175,322,"1,100","1,057",702,700,605,971,"4,035",61,183,215,112,140,184,232,432,"1,559",122,366,430,339,546,768,893,"1,489","4,953",504,246,452,382,564,"2,148",693,390,37,689,51,36,231,20,31,3,26,22,70,17,"2,316",693,780,74,"2,864",195,98,597,62,157,9,92,114,153,44,"5,932",693,644,377,314,195,69,18,6,"2,316",693,"1,288","1,131","1,256",975,414,126,49,"5,932","2,239",38,0,6,33,"2,316","5,762",64,0,6,100,"5,932",146,135,103,150,384,368,335,545,52,92,"2,310",289,248,210,295,791,918,"1,027","1,798",149,201,"5,926",465,"1,333",182,163,8,92,67,"2,310","1,667","3,037",459,390,12,210,151,"5,926",11,83,228,340,450,434,290,342,132,"2,310",20,134,468,731,"1,108","1,129",894,"1,147",295,"5,926",17,"1,185",8,46,185,776,2,28,19,44,"2,310","1,799",232,34,133,3,109,"2,310",200,"1,895",89,20,5,101,"2,310","2,341",65,959,571,"3,936",6,63,941,17,379,253,45,578,120,9,"2,342",936,23,222,211,316,545,116,21,"2,390","1,877",40,601,464,361,"1,123",236,30,"4,732",120,611,283,619,447,228,628,"2,936",89,692,564,333,439,142,700,"2,959",209,"1,303",847,952,886,370,"1,328","5,895",204,61,245,324,224,298,195,89,62,3,611,"2,316",597,184,678,890,670,770,430,257,148,6,"1,302","5,932",226,116,206,120,157,50,46,272,773,"1,966",189,86,172,130,195,56,68,338,824,"2,058",415,202,378,250,352,106,114,610,"1,597","4,024",253,123,211,121,464,244,75,17,36,87,62,300,29,23,54,1,"1,282","1,966",154,27,49,216,65,22,5,204,108,0,"1,208","2,058",229,44,85,303,127,322,34,227,162,1,"2,490","4,024",80,375,390,265,123,154,79,124,95,98,7,176,"1,966",63,338,302,341,203,74,109,159,155,135,2,177,"2,058",143,713,692,606,326,228,188,283,250,233,9,353,"4,024",95,12,31,7,6,"1,202",114,177,18,74,102,"1,838",101,4,454,2,0,43,628,4,3,2,47,"1,288",196,16,485,9,6,"1,245",742,181,21,76,149,"3,126",105,179,133,353,562,693,632,219,174,"3,050","1,488",730,248,158,129,49,248,"3,050",490,486,976,144,211,355,"1,628","1,603","3,231",786,841,"1,627",385,377,762,53,59,112,13,10,23,71,69,140,"2,936","2,959","5,895",81,122,89,31,320,28,31,229,177,212,"1,320",51,199,74,198,31,204,85,61,122,133,"1,158",132,321,163,229,351,232,116,290,299,345,"2,478",41,98,167,148,105,47,139,196,941,5,4,63,179,39,51,378,217,936,46,102,230,327,144,98,517,413,"1,877",338,"1,127",660,91,26,68,"2,310","1,339",894,77,"2,310","1,182",319,736,73,"2,310"
9AC3D136-E843-467B-AC39-B3DB50828265,LPT2012_059022,"Cloich Chionnaola, Gort an Choirce, An Fál Carrach agus Machaire Rabhartaigh",28,19,30,30,27,39,25,40,23,22,23,31,30,25,20,22,18,23,24,14,80,75,84,122,127,139,161,156,134,128,100,75,55,46,"1,995",24,16,22,27,23,24,24,24,19,19,23,28,26,34,28,27,31,27,38,17,84,68,105,130,146,174,139,134,121,128,98,83,72,64,"2,047",52,35,52,57,50,63,49,64,42,41,46,59,56,59,48,49,49,50,62,31,164,143,189,252,273,313,300,290,255,256,198,158,127,110,"4,042","1,090",775,39,35,56,"1,995",960,794,52,40,201,"2,047","2,050","1,569",91,75,257,"4,042","3,195",733,5,0,25,47,0,"4,005","3,706",209,5,0,20,22,43,"4,005","3,725",1,178,1,18,11,71,"4,005","3,787",95,26,46,"3,954","3,651",122,218,51,"4,042",8,21,0,109,138,95,26,9,0,8,138,"3,036",808,59,"3,903",293,134,7,2,0,635,154,223,49,15,"1,512",314,161,9,0,1,616,155,218,39,11,"1,524",607,295,16,2,1,"1,251",309,441,88,26,"3,036",465,247,211,101,59,"1,083",930,741,844,505,371,"3,391",146,301,455,307,254,"1,463",0,108,115,50,21,0,294,0,231,88,32,5,1,357,0,0,29,48,24,12,113,319,339,232,130,50,13,"1,083",222,216,88,526,69,114,20,203,3,27,5,35,454,346,288,"1,088",111,147,58,316,7,35,17,59,173,118,116,116,241,764,703,470,479,392,709,"2,753",42,124,153,75,115,104,141,329,"1,083",84,248,306,237,444,407,536,"1,129","3,391",390,188,264,243,419,"1,504",521,273,20,445,57,33,182,18,20,2,11,11,40,8,"1,641",521,546,40,"1,834",222,89,475,54,93,7,35,49,91,23,"4,079",521,455,264,230,108,49,11,3,"1,641",521,910,792,920,540,294,77,25,"4,079","1,584",24,0,13,20,"1,641","3,980",38,0,17,44,"4,079",107,79,96,115,284,256,228,363,42,58,"1,628",201,166,175,210,608,665,683,"1,107",122,125,"4,062",337,937,116,133,4,55,46,"1,628","1,082","2,170",243,326,7,119,115,"4,062",8,58,163,234,365,287,190,234,89,"1,628",12,79,335,478,890,772,541,744,211,"4,062",21,719,10,30,186,598,11,13,17,23,"1,628","1,270",197,37,59,2,63,"1,628",348,"1,192",23,13,0,52,"1,628","1,644",61,511,426,"2,642",4,42,586,16,287,134,45,378,130,7,"1,583",614,12,141,182,268,354,99,16,"1,686","1,200",28,428,316,313,732,229,23,"3,269",65,337,219,421,293,137,523,"1,995",42,458,390,268,298,84,507,"2,047",107,795,609,689,591,221,"1,030","4,042",113,32,175,253,133,165,112,93,115,9,441,"1,641",300,78,449,623,428,430,257,251,280,20,963,"4,079",235,95,148,79,103,32,40,192,453,"1,377",167,83,129,93,140,43,56,266,447,"1,424",402,178,277,172,243,75,96,458,900,"2,801",134,72,182,80,316,152,48,28,22,42,46,164,49,19,32,1,926,"1,377",104,28,34,155,39,12,7,145,61,0,839,"1,424",152,56,56,197,85,176,56,164,93,1,"1,765","2,801",75,322,283,195,82,97,54,72,63,49,9,76,"1,377",60,266,241,209,121,45,63,125,122,91,5,76,"1,424",135,588,524,404,203,142,117,197,185,140,14,152,"2,801",63,6,22,1,0,744,52,136,19,57,77,"1,177",86,9,238,3,0,31,443,3,0,1,25,839,149,15,260,4,0,775,495,139,19,58,102,"2,016",53,90,97,213,352,481,425,131,116,"1,958",980,421,173,120,67,41,156,"1,958",351,339,690,89,143,232,"1,069","1,137","2,206",549,576,"1,125",271,245,516,45,40,85,11,10,21,50,39,89,"1,995","2,047","4,042",35,70,63,14,278,37,20,110,100,146,873,35,137,46,115,37,143,73,22,68,79,755,70,207,109,129,315,180,93,132,168,225,"1,628",66,81,64,84,54,26,101,110,586,7,6,19,118,29,32,278,125,614,73,87,83,202,83,58,379,235,"1,200",298,771,463,42,19,35,"1,628",896,687,45,"1,628",799,261,531,37,"1,628"
8C7577BA-D09E-4704-A9BD-E57A0629892F,LPT2012_059023,Na Rosa,33,26,28,24,29,40,39,42,49,33,32,40,45,37,46,45,40,39,36,33,101,79,110,149,162,171,190,156,190,217,150,127,76,47,"2,661",23,25,26,34,25,35,32,41,37,35,35,27,41,32,32,32,33,28,29,15,97,119,118,178,185,224,195,199,164,187,150,114,81,83,"2,711",56,51,54,58,54,75,71,83,86,68,67,67,86,69,78,77,73,67,65,48,198,198,228,327,347,395,385,355,354,404,300,241,157,130,"5,372","1,384","1,090",64,46,77,"2,661","1,196","1,132",80,71,232,"2,711","2,580","2,222",144,117,309,"5,372","4,173",940,19,1,67,86,0,"5,286","4,725",383,22,0,66,37,53,"5,286","4,722",4,408,1,19,36,96,"5,286","5,019",131,32,48,"5,230","4,803",198,295,76,"5,372",22,43,1,112,178,101,48,18,3,8,178,"2,615","2,514",82,"5,211",318,19,4,3,1,101,127,482,167,8,"1,230",327,25,7,3,1,129,165,561,159,8,"1,385",645,44,11,6,2,230,292,"1,043",326,16,"2,615",626,286,293,152,60,"1,417","1,252",858,"1,172",760,374,"4,416",150,352,624,464,255,"1,845",0,132,164,79,17,3,395,0,238,111,44,9,0,402,0,0,46,59,30,9,144,476,370,321,182,56,12,"1,417",297,267,114,678,90,112,30,232,8,23,0,31,623,437,352,"1,412",146,158,85,389,11,33,0,44,206,182,151,153,249,941,837,740,590,547,750,"3,464",45,198,233,82,153,160,195,351,"1,417",90,396,466,261,582,629,770,"1,222","4,416",506,217,435,357,490,"2,005",726,416,31,598,57,30,205,18,22,1,15,12,63,18,"2,212",726,832,62,"2,456",218,73,561,55,116,3,51,51,139,44,"5,387",726,640,313,307,160,51,12,3,"2,212",726,"1,280",939,"1,228",800,306,84,24,"5,387","2,125",50,4,5,28,"2,212","5,248",65,5,9,60,"5,387",188,121,103,139,322,318,307,577,61,71,"2,207",345,207,198,269,620,749,947,"1,721",164,158,"5,378",499,"1,192",173,206,27,60,50,"2,207","1,754","2,496",392,479,46,112,99,"5,378",11,101,206,306,513,434,266,270,100,"2,207",12,144,410,615,"1,184","1,155",768,896,194,"5,378",21,"1,284",5,51,148,621,3,21,20,33,"2,207","1,649",356,39,63,2,98,"2,207",409,"1,617",74,30,1,76,"2,207","2,249",72,860,668,"3,849",7,62,836,17,244,224,44,598,151,4,"2,118",856,10,153,181,360,545,115,11,"2,231","1,692",27,397,405,404,"1,143",266,15,"4,349",121,592,320,559,385,193,491,"2,661",82,670,541,341,390,113,574,"2,711",203,"1,262",861,900,775,306,"1,065","5,372",243,72,217,337,223,265,153,120,79,5,498,"2,212",657,187,540,897,588,645,352,364,183,10,964,"5,387",253,139,203,80,132,54,37,235,670,"1,803",173,84,204,136,191,61,73,335,713,"1,970",426,223,407,216,323,115,110,570,"1,383","3,773",224,91,181,80,405,171,41,25,22,76,57,246,58,31,49,0,"1,198","1,803",128,30,30,215,61,19,6,251,112,4,"1,114","1,970",169,55,52,291,118,265,64,282,161,4,"2,312","3,773",89,419,390,249,125,110,77,95,83,52,7,107,"1,803",56,308,306,353,199,79,101,155,162,105,3,143,"1,970",145,727,696,602,324,189,178,250,245,157,10,250,"3,773",80,7,17,1,2,"1,136",63,172,20,83,75,"1,656",81,16,313,0,0,52,646,5,11,1,28,"1,153",161,23,330,1,2,"1,188",709,177,31,84,103,"2,809",86,122,123,312,463,783,530,175,131,"2,725","1,374",579,206,179,153,48,186,"2,725",508,469,977,113,212,325,"1,355","1,367","2,722",826,874,"1,700",347,333,680,67,57,124,17,20,37,49,60,109,"2,661","2,711","5,372",90,96,99,26,304,34,43,164,120,104,"1,080",56,179,64,165,38,211,90,35,91,80,"1,009",146,275,163,191,342,245,133,199,211,184,"2,089",94,109,101,192,74,42,88,136,836,8,8,46,192,38,41,340,183,856,102,117,147,384,112,83,428,319,"1,692",316,"1,101",631,88,23,48,"2,207","1,296",845,66,"2,207","1,347",211,595,54,"2,207"
8FFB448C-FFCC-4FF0-B967-0DAB6AA1E28F,LPT2012_059024,Árainn Mhór,0,1,0,3,2,1,2,1,2,3,4,3,7,2,6,3,4,6,4,5,6,6,5,10,16,16,21,13,14,16,25,11,10,10,238,2,1,1,1,0,1,2,3,4,3,2,1,3,5,4,4,5,7,1,2,6,3,5,9,17,22,9,14,14,19,24,12,13,12,231,2,2,1,4,2,2,4,4,6,6,6,4,10,7,10,7,9,13,5,7,12,9,10,19,33,38,30,27,28,35,49,23,23,22,469,122,91,5,5,15,238,82,97,8,5,39,231,204,188,13,10,54,469,318,115,0,0,2,27,0,462,427,31,0,0,1,3,0,462,426,0,22,1,0,5,8,462,431,8,6,15,460,433,6,28,2,469,0,6,0,7,13,6,3,2,0,2,13,400,62,2,464,27,19,0,3,0,92,30,31,4,1,207,28,23,0,1,0,85,16,39,0,1,193,55,42,0,4,0,177,46,70,4,2,400,62,25,17,11,8,123,124,75,68,55,50,372,20,31,36,35,34,156,0,4,4,7,2,0,17,0,35,11,0,1,0,47,0,0,6,4,5,2,17,42,39,21,11,8,2,123,13,23,15,51,4,20,1,25,0,4,1,5,28,33,49,110,13,24,3,40,0,4,2,6,7,12,15,17,30,81,32,60,65,55,76,288,5,15,22,4,2,11,23,41,123,10,30,44,15,9,47,83,134,372,36,13,26,36,62,173,75,35,1,46,1,4,25,5,3,1,0,1,7,1,205,75,70,2,189,5,9,65,15,16,3,0,7,14,2,472,75,63,30,17,11,5,4,0,205,75,126,90,68,55,30,28,0,472,196,2,0,4,3,205,449,5,0,10,8,472,35,23,20,12,19,36,22,27,5,2,201,71,36,37,23,37,73,72,96,12,5,462,21,158,3,10,0,6,3,201,71,350,6,18,0,10,7,462,0,3,20,35,46,36,18,32,11,201,0,5,32,59,95,83,52,112,24,462,1,143,0,7,10,36,0,1,1,2,201,140,34,10,13,0,4,201,8,184,4,2,0,3,201,204,14,138,59,415,0,0,48,4,41,20,4,72,12,0,201,36,1,15,22,56,53,15,0,198,84,5,56,42,60,125,27,0,399,6,36,9,26,55,24,82,238,0,46,27,22,40,12,84,231,6,82,36,48,95,36,166,469,9,3,14,18,13,34,20,11,7,0,76,205,33,5,30,44,36,75,41,32,15,0,161,472,29,7,12,7,15,5,5,16,77,173,26,7,9,11,16,5,0,19,81,174,55,14,21,18,31,10,5,35,158,347,20,8,22,2,42,10,1,0,1,2,6,22,2,3,0,0,136,173,8,0,1,11,4,0,0,20,6,0,124,174,9,0,2,13,10,22,2,23,6,0,260,347,9,65,32,20,9,8,5,3,8,3,1,10,173,6,60,24,35,13,6,5,10,4,6,0,5,174,15,125,56,55,22,14,10,13,12,9,1,15,347,9,0,1,0,0,46,4,8,2,6,7,83,15,0,15,0,0,2,64,0,0,0,5,101,24,0,16,0,0,48,68,8,2,6,12,184,3,2,9,11,12,44,73,14,10,178,127,14,6,1,10,2,18,178,60,50,110,14,19,33,105,109,214,81,59,140,45,53,98,5,6,11,0,2,2,2,2,4,238,231,469,3,5,12,1,22,1,0,14,12,19,89,4,6,4,12,1,13,0,1,3,7,51,7,11,16,13,23,14,0,15,15,26,140,7,4,2,3,6,6,6,14,48,0,0,0,3,5,0,23,5,36,7,4,2,6,11,6,29,19,84,63,91,39,6,1,1,201,90,105,6,201,45,61,93,2,201
864B7AC0-1B5E-4E27-AA20-EF415D4603F8,LPT2012_059025,An Ghaeltacht Láir,11,11,10,13,8,12,14,12,9,17,12,17,18,16,17,15,13,16,14,7,44,27,47,62,48,55,48,51,39,55,58,38,24,14,872,7,9,6,14,4,10,12,12,8,13,13,9,9,15,15,7,14,13,11,9,17,25,37,44,60,40,49,46,38,42,29,41,18,27,723,18,20,16,27,12,22,26,24,17,30,25,26,27,31,32,22,27,29,25,16,61,52,84,106,108,95,97,97,77,97,87,79,42,41,"1,595",493,326,18,14,21,872,310,317,12,10,74,723,803,643,30,24,95,"1,595","1,399",154,1,0,17,15,0,"1,586","1,483",63,1,0,14,5,20,"1,586","1,475",0,74,1,1,7,28,"1,586","1,519",30,6,13,"1,568","1,479",34,51,31,"1,595",4,17,0,26,47,36,6,3,1,1,47,"1,101",417,23,"1,541",163,33,0,0,0,160,63,159,28,5,611,155,39,1,0,0,105,54,108,25,3,490,318,72,1,0,0,265,117,267,53,8,"1,101",130,84,85,54,39,392,260,252,340,270,250,"1,372",26,106,176,162,173,643,0,26,43,32,7,1,109,0,62,40,11,3,1,117,0,0,18,17,17,10,62,104,88,101,60,27,12,392,99,79,55,233,9,34,6,49,1,4,1,6,223,135,192,550,16,49,15,80,2,8,3,13,68,57,46,32,85,288,285,292,199,128,260,"1,164",13,35,56,30,31,48,61,118,392,26,70,112,106,130,213,282,433,"1,372",107,45,95,91,160,498,164,94,4,210,14,6,41,4,6,0,7,3,19,5,577,164,188,8,923,58,19,108,12,31,0,25,18,39,10,"1,603",164,144,83,87,58,29,8,4,577,164,288,249,348,290,174,56,34,"1,603",566,0,0,3,8,577,"1,571",0,0,3,29,"1,603",61,31,21,41,80,86,93,119,20,22,574,134,63,38,87,180,215,336,435,66,46,"1,600",154,307,26,54,0,16,17,574,585,726,76,141,0,36,36,"1,600",5,21,75,97,112,105,75,59,25,574,6,33,164,239,278,316,283,210,71,"1,600",10,233,0,4,48,253,1,11,3,11,574,250,62,17,219,5,21,574,35,491,18,2,2,26,574,577,21,66,208,872,0,0,311,4,75,71,16,167,28,3,675,211,6,23,65,109,126,27,0,567,522,10,98,136,125,293,55,3,"1,242",51,184,99,180,109,63,186,872,35,179,131,105,77,37,159,723,86,363,230,285,186,100,345,"1,595",41,14,56,57,45,49,44,25,96,16,134,577,123,50,172,153,156,159,111,94,240,52,293,"1,603",87,26,69,36,48,12,10,45,239,572,43,16,46,31,48,24,19,51,198,476,130,42,115,67,96,36,29,96,437,"1,048",71,32,65,26,136,58,12,9,3,11,12,48,53,7,9,0,408,572,35,2,8,43,13,1,5,53,21,0,295,476,47,11,11,54,25,49,58,60,30,0,703,"1,048",47,143,124,94,27,23,8,19,17,13,4,53,572,29,91,75,79,37,11,18,40,32,22,0,42,476,76,234,199,173,64,34,26,59,49,35,4,95,"1,048",13,1,8,3,0,300,12,87,17,47,29,517,31,1,183,0,0,25,143,1,3,0,9,396,44,2,191,3,0,325,155,88,20,47,38,913,26,45,67,107,165,231,148,31,46,866,301,194,189,48,38,16,80,866,103,113,216,36,41,77,510,406,916,243,219,462,87,72,159,8,13,21,1,1,2,23,12,35,872,723,"1,595",16,24,22,4,129,10,11,71,45,54,386,5,53,7,48,13,49,19,5,14,21,234,21,77,29,52,142,59,30,76,59,75,620,64,36,52,50,21,10,29,49,311,4,2,4,28,6,24,98,45,211,68,38,56,78,27,34,127,94,522,72,223,209,49,7,14,574,277,281,16,574,253,89,216,16,574
16B1A09A-0156-4308-854C-9CC926076F21,LPT2012_059026,Dún na nGall Theas,22,11,10,23,19,24,14,18,18,23,16,24,19,28,28,21,32,20,21,16,52,57,79,80,100,95,102,109,135,128,75,56,33,27,"1,535",14,12,12,15,19,17,21,30,21,24,26,16,20,19,19,17,17,31,14,11,49,55,80,96,103,85,98,127,89,125,77,54,35,53,"1,501",36,23,22,38,38,41,35,48,39,47,42,40,39,47,47,38,49,51,35,27,101,112,159,176,203,180,200,236,224,253,152,110,68,80,"3,036",817,620,35,19,44,"1,535",647,631,39,31,153,"1,501","1,464","1,251",74,50,197,"3,036","2,646",244,10,1,23,48,0,"2,972","2,813",83,11,1,19,12,33,"2,972","2,800",2,108,1,3,13,45,"2,972","2,877",36,9,17,"2,939","2,797",93,111,35,"3,036",10,42,3,67,122,73,27,12,1,9,122,"2,187",710,58,"2,955",212,23,8,3,0,134,140,449,114,16,"1,099",264,35,15,3,0,130,144,393,97,7,"1,088",476,58,23,6,0,264,284,842,211,23,"2,187",324,154,167,81,51,777,648,462,668,405,320,"2,503",80,185,345,245,221,"1,076",0,49,86,42,19,1,197,0,154,67,21,4,2,248,0,0,34,27,17,10,88,244,203,187,90,40,13,777,156,168,82,406,40,59,4,103,1,21,2,24,362,263,252,877,65,89,9,163,2,26,8,36,116,80,89,89,159,533,513,328,380,329,465,"2,015",37,92,115,39,68,90,113,223,777,74,184,230,130,272,380,460,773,"2,503",262,105,228,183,306,"1,084",398,215,19,366,28,21,97,10,12,2,5,1,34,4,"1,212",398,430,38,"1,535",105,54,252,32,62,6,17,5,73,12,"3,019",398,342,164,166,87,43,8,4,"1,212",398,684,492,664,435,258,56,32,"3,019","1,163",23,1,7,18,"1,212","2,934",41,1,11,32,"3,019",169,81,52,65,157,190,162,270,22,37,"1,205",323,153,95,123,324,449,520,872,66,83,"3,008",296,666,71,86,3,47,36,"1,205","1,063","1,418",164,196,3,86,78,"3,008",6,32,87,174,275,234,189,139,69,"1,205",9,43,168,326,662,630,571,457,142,"3,008",11,643,3,19,121,366,3,12,7,20,"1,205",773,148,87,159,1,37,"1,205",246,862,41,13,2,41,"1,205","1,226",13,526,324,"2,089",3,9,633,8,112,110,22,285,64,4,"1,238",474,6,91,114,196,271,57,7,"1,216","1,107",14,203,224,218,556,121,11,"2,454",59,297,154,361,286,112,266,"1,535",34,324,318,192,234,81,318,"1,501",93,621,472,553,520,193,584,"3,036",113,21,91,132,150,185,85,61,112,8,254,"1,212",303,64,212,340,440,473,213,180,262,12,520,"3,019",122,71,123,80,94,25,21,125,409,"1,070",96,63,88,71,114,39,43,172,370,"1,056",218,134,211,151,208,64,64,297,779,"2,126",110,58,114,46,224,104,23,7,16,41,22,122,59,12,31,0,737,"1,070",78,11,25,84,24,7,2,106,68,0,651,"1,056",101,18,41,125,46,129,61,118,99,0,"1,388","2,126",41,247,232,170,62,68,46,44,39,28,5,88,"1,070",26,205,188,161,94,61,48,86,61,50,0,76,"1,056",67,452,420,331,156,129,94,130,100,78,5,164,"2,126",69,8,13,1,3,658,49,134,19,59,63,"1,076",91,1,216,1,0,12,293,2,0,1,30,647,160,9,229,2,3,670,342,136,19,60,93,"1,723",56,93,113,249,232,431,283,111,95,"1,663",825,380,178,47,64,32,137,"1,663",203,239,442,62,85,147,816,778,"1,594",505,510,"1,015",170,159,329,11,26,37,2,4,6,31,24,55,"1,535","1,501","3,036",49,45,38,10,217,15,13,216,65,77,745,22,78,28,90,23,83,49,77,51,64,565,71,123,66,100,240,98,62,293,116,141,"1,310",89,68,190,64,30,24,54,114,633,5,0,98,75,11,22,172,91,474,94,68,288,139,41,46,226,205,"1,107",195,542,398,37,9,24,"1,205",681,489,35,"1,205",713,75,384,33,"1,205"
321A5FB1-E729-4DEA-B313-132FDC386918,LPT2012_059027,Toraigh,0,3,1,2,1,1,1,0,0,0,1,0,3,0,1,0,1,0,0,0,1,5,5,7,6,2,6,2,5,8,2,2,1,1,68,0,1,0,1,1,0,0,0,2,2,0,1,1,0,0,0,1,1,1,0,1,3,4,8,3,1,5,5,3,1,2,1,2,0,51,0,4,1,3,2,1,1,0,2,2,1,1,4,0,1,0,2,1,1,0,2,8,9,15,9,3,11,7,8,9,4,3,3,1,119,41,25,1,0,1,68,22,25,1,0,3,51,63,50,2,0,4,119,99,16,0,0,2,2,0,119,112,2,0,0,1,2,2,119,113,0,3,1,0,0,2,119,115,3,0,1,119,109,2,6,2,119,0,5,0,3,8,4,3,0,0,1,8,100,11,3,114,8,4,0,0,0,43,1,0,0,1,57,4,6,0,0,0,32,0,0,1,0,43,12,10,0,0,0,75,1,0,1,1,100,8,9,6,3,3,29,16,27,24,15,19,101,2,10,12,9,13,46,0,3,4,1,1,0,9,0,7,2,0,1,1,11,0,0,1,2,0,0,3,6,10,7,3,2,1,29,8,9,3,20,1,2,0,3,0,0,0,0,16,18,8,42,2,2,0,4,0,0,0,0,8,1,3,2,9,23,32,3,14,5,35,89,1,3,2,5,2,2,3,11,29,2,6,4,17,9,9,10,44,101,11,6,5,5,11,38,11,5,0,15,2,0,1,1,1,0,2,1,2,0,41,11,10,0,63,9,0,2,4,5,0,7,6,6,0,123,11,6,9,7,4,3,1,0,41,11,12,27,28,20,18,7,0,123,39,2,0,0,0,41,118,5,0,0,0,123,11,5,2,0,3,6,5,4,1,4,41,28,23,4,0,5,16,21,11,3,12,123,6,23,3,3,0,4,2,41,23,68,6,9,0,12,5,123,2,1,6,6,8,6,6,5,1,41,2,1,21,15,22,17,22,22,1,123,1,13,0,0,25,1,0,0,0,1,41,3,14,19,2,0,3,41,2,37,0,0,0,2,41,41,1,1,52,95,1,2,16,0,18,1,1,12,4,2,54,16,0,10,4,6,3,2,1,42,32,0,28,5,7,15,6,3,96,1,14,1,9,9,7,27,68,0,17,8,6,2,1,17,51,1,31,9,15,11,8,44,119,0,1,4,7,2,5,6,1,0,0,15,41,0,1,8,21,10,17,12,7,0,0,47,123,19,0,4,1,0,1,0,7,18,50,6,4,3,1,3,1,1,6,10,35,25,4,7,2,3,2,1,13,28,85,1,3,4,3,5,6,2,0,1,0,1,2,0,1,0,0,43,50,4,1,3,1,2,0,0,0,2,0,22,35,6,1,4,1,3,2,0,1,2,0,65,85,1,26,4,9,0,0,3,2,1,2,0,2,50,1,8,2,6,3,1,0,5,1,4,0,4,35,2,34,6,15,3,1,3,7,2,6,0,6,85,17,0,2,0,0,7,0,0,1,2,3,32,2,0,12,0,0,0,3,0,0,0,1,18,19,0,14,0,0,7,3,0,1,2,4,50,1,0,1,0,1,15,21,5,4,48,39,0,0,2,0,0,7,48,11,5,16,2,3,5,35,33,68,23,13,36,7,3,10,1,1,2,0,0,0,2,1,3,68,51,119,1,3,1,0,3,2,0,5,4,15,34,1,7,0,6,1,2,0,0,1,8,26,2,10,1,6,4,4,0,5,5,23,60,0,1,2,1,3,0,4,5,16,0,0,0,0,1,2,10,3,16,0,1,2,1,4,2,14,8,32,12,20,5,0,0,4,41,19,19,3,41,12,13,13,3,41
540FC21C-0869-4361-BD15-8D2291F9CB3E,LPT2012_069020,Oileáin Árann,6,7,8,1,6,10,2,8,7,3,4,6,7,9,8,9,13,13,5,3,25,29,40,28,44,39,49,47,67,48,34,21,15,7,628,6,6,6,8,4,10,2,7,10,4,6,1,3,10,8,6,10,7,6,3,32,36,31,37,29,32,43,59,43,41,26,25,24,17,598,12,13,14,9,10,20,4,15,17,7,10,7,10,19,16,15,23,20,11,6,57,65,71,65,73,71,92,106,110,89,60,46,39,24,"1,226",362,231,12,8,15,628,283,217,13,9,76,598,645,448,25,17,91,"1,226","1,039",37,10,3,30,54,0,"1,173","1,083",8,10,3,29,21,19,"1,173","1,070",0,60,3,7,8,25,"1,173","1,092",26,20,23,"1,161","1,039",50,117,20,"1,226",15,17,6,62,100,50,32,11,0,7,100,996,172,19,"1,187",119,58,1,0,0,298,23,15,2,3,519,104,62,0,0,0,263,15,26,3,4,477,223,120,1,0,0,561,38,41,5,7,996,120,70,49,29,12,280,240,210,196,145,76,867,39,85,102,87,52,365,0,21,23,12,4,2,62,0,73,29,12,1,0,115,0,0,8,9,4,1,22,81,94,60,33,9,3,280,50,73,18,141,12,36,4,52,0,6,0,6,112,118,54,284,17,43,11,71,0,10,0,10,40,21,23,33,82,199,160,99,87,120,239,705,10,35,36,21,20,21,37,100,280,20,70,72,68,84,89,145,319,867,127,46,65,75,118,431,184,60,10,117,11,5,41,6,12,1,4,6,17,11,485,184,120,20,472,43,13,96,20,62,4,14,34,37,30,"1,149",184,121,75,53,34,11,6,1,485,184,242,225,212,170,66,42,8,"1,149",463,10,0,8,4,485,"1,110",18,0,16,5,"1,149",74,74,49,28,65,57,59,51,14,6,477,179,132,99,55,129,160,162,167,35,15,"1,133",66,318,49,10,1,26,7,477,221,731,104,25,4,37,11,"1,133",6,19,56,68,63,91,48,97,29,477,8,25,117,127,143,243,115,299,56,"1,133",12,325,1,38,89,3,1,1,6,1,477,400,50,5,7,1,14,477,19,437,9,6,2,4,477,491,27,92,173,783,12,76,254,2,80,50,23,100,22,5,536,215,4,38,46,87,90,20,7,507,469,6,118,96,110,190,42,12,"1,043",15,129,63,99,122,39,161,628,6,177,98,53,82,19,163,598,21,306,161,152,204,58,324,"1,226",55,6,38,52,28,50,25,33,69,1,128,485,149,14,107,130,62,140,60,98,164,2,223,"1,149",79,43,55,33,46,19,16,78,94,463,50,22,43,29,45,32,22,100,88,431,129,65,98,62,91,51,38,178,182,894,50,23,46,30,96,53,16,9,10,17,6,38,23,7,17,0,320,463,38,12,16,37,12,4,3,33,17,1,258,431,54,21,26,54,18,42,26,40,34,1,578,894,5,124,104,64,34,20,15,22,27,25,8,15,463,5,84,67,75,32,12,9,44,49,41,3,10,431,10,208,171,139,66,32,24,66,76,66,11,25,894,120,43,11,1,2,151,18,18,8,46,23,441,84,8,42,4,0,5,64,0,1,0,7,215,204,51,53,5,2,156,82,18,9,46,30,656,4,11,20,48,102,205,93,84,43,610,414,110,17,7,5,13,44,610,86,85,171,27,33,60,318,309,627,210,189,399,80,73,153,6,8,14,0,1,1,14,18,32,628,598,"1,226",21,23,27,13,107,14,6,47,38,38,334,30,49,15,26,8,43,13,13,25,31,253,51,72,42,39,115,57,19,60,63,69,587,44,16,20,19,47,10,32,66,254,4,0,12,32,9,7,83,68,215,48,16,32,51,56,17,115,134,469,161,185,100,16,4,11,477,280,185,12,477,218,74,173,12,477
6AE7ECAC-7E6E-4E13-B43F-D379C2464701,LPT2012_069021,Ceantar na nOileán,10,8,8,13,8,15,10,7,15,15,15,19,14,13,17,22,13,18,17,17,59,40,45,61,60,69,77,92,88,83,52,43,19,13,"1,075",14,9,12,15,7,15,16,16,20,10,15,14,13,15,16,12,10,13,10,13,51,51,59,66,70,77,66,83,68,57,54,32,26,18,"1,043",24,17,20,28,15,30,26,23,35,25,30,33,27,28,33,34,23,31,27,30,110,91,104,127,130,146,143,175,156,140,106,75,45,31,"2,118",627,392,18,16,22,"1,075",522,400,21,17,83,"1,043","1,149",792,39,33,105,"2,118","1,803",245,0,0,9,38,0,"2,095","2,013",56,0,0,6,13,7,"2,095","2,032",0,41,0,3,4,15,"2,095","2,038",28,4,1,"2,071","1,969",60,73,16,"2,118",0,18,0,57,75,46,20,6,1,2,75,"1,939",100,18,"2,057",174,190,3,0,0,586,14,17,1,12,997,187,181,2,0,0,517,27,20,1,7,942,361,371,5,0,0,"1,103",41,37,2,19,"1,939",229,132,89,72,34,556,458,396,356,360,214,"1,784",73,164,187,219,148,791,0,55,49,28,6,0,138,0,118,45,27,2,4,196,0,0,18,23,18,7,66,156,173,112,78,26,11,556,97,127,57,281,39,56,9,104,2,13,0,15,203,219,183,605,56,79,30,165,2,19,0,21,83,62,59,64,132,400,335,261,236,235,405,"1,472",16,64,76,32,49,57,79,183,556,32,128,152,92,182,222,322,654,"1,784",192,76,158,116,215,757,246,125,20,229,30,14,85,6,9,0,6,16,28,5,819,246,250,40,963,121,34,225,18,49,0,22,86,62,13,"2,129",246,228,133,89,81,28,13,1,819,246,456,399,356,405,168,91,8,"2,129",785,4,0,27,3,819,"2,064",6,0,48,11,"2,129",50,80,66,85,97,133,98,153,21,9,792,89,166,136,174,219,365,343,511,56,22,"2,081",160,485,37,52,0,44,14,792,558,"1,146",110,138,0,88,41,"2,081",6,45,93,113,182,128,78,89,58,792,10,84,218,278,458,367,251,302,113,"2,081",6,414,3,15,50,274,5,9,8,8,792,362,243,144,25,1,17,792,23,700,40,5,1,23,792,801,27,64,171,"1,063",0,0,324,7,164,105,33,183,70,2,888,305,8,83,85,173,129,50,3,836,629,15,247,190,206,312,120,5,"1,724",19,117,104,220,170,162,283,"1,075",19,191,187,143,163,97,243,"1,043",38,308,291,363,333,259,526,"2,118",52,9,50,88,81,86,120,24,71,2,236,819,136,23,147,257,259,233,295,87,211,6,475,"2,129",220,49,102,49,72,14,8,62,166,742,127,38,79,59,84,26,22,116,149,700,347,87,181,108,156,40,30,178,315,"1,442",105,41,85,51,190,92,8,7,9,17,5,55,12,8,10,0,611,742,38,7,38,66,5,2,3,55,15,0,471,700,46,14,47,83,10,57,15,63,25,0,"1,082","1,442",30,303,156,96,41,33,13,18,19,16,0,17,742,19,196,119,111,61,17,29,45,48,39,0,16,700,49,499,275,207,102,50,42,63,67,55,0,33,"1,442",17,6,7,0,0,402,34,78,8,18,50,620,30,6,162,2,0,28,230,3,0,0,17,478,47,12,169,2,0,430,264,81,8,18,67,"1,098",42,73,96,140,205,189,210,54,71,"1,080",335,226,205,52,139,28,95,"1,080",155,171,326,47,59,106,541,525,"1,066",306,317,623,178,156,334,25,22,47,11,6,17,14,17,31,"1,075","1,043","2,118",18,14,25,22,134,13,14,80,91,77,488,18,41,27,67,4,85,39,25,35,47,388,36,55,52,89,138,98,53,105,126,124,876,45,60,35,36,26,28,36,58,324,0,0,26,51,19,24,131,54,305,45,60,61,87,45,52,167,112,629,125,370,242,29,12,14,792,376,395,21,792,341,95,332,24,792
0565A2D4-A23C-449E-B88F-F075985FBFE6,LPT2012_069022,An Cheathrú Rua,13,11,14,20,20,15,19,18,15,36,18,18,15,21,15,11,10,15,14,14,48,60,57,76,87,78,78,84,74,75,59,47,33,16,"1,204",13,20,9,26,20,21,21,15,23,14,13,19,14,18,15,11,17,18,15,17,55,78,70,91,92,79,92,83,64,81,54,33,15,42,"1,268",26,31,23,46,40,36,40,33,38,50,31,37,29,39,30,22,27,33,29,31,103,138,127,167,179,157,170,167,138,156,113,80,48,58,"2,472",672,468,17,12,35,"1,204",646,471,26,27,98,"1,268","1,318",939,43,39,133,"2,472","2,139",232,4,0,16,60,0,"2,451","2,354",39,4,0,14,30,10,"2,451","2,352",3,56,0,0,9,31,"2,451","2,318",64,13,30,"2,425","2,253",87,105,27,"2,472",3,38,0,81,122,83,25,5,1,8,122,"2,212",153,27,"2,392",238,165,3,1,0,599,32,30,1,10,"1,079",230,199,1,2,0,595,40,47,6,13,"1,133",468,364,4,3,0,"1,194",72,77,7,23,"2,212",255,133,128,84,34,634,510,399,512,420,221,"2,062",67,172,267,253,153,912,0,66,71,49,7,4,197,0,95,62,17,5,1,180,0,0,23,28,9,9,69,188,161,156,94,21,14,634,152,117,59,328,43,57,10,110,2,6,0,8,336,207,187,730,64,76,27,167,3,12,0,15,135,65,66,55,125,446,554,266,274,209,383,"1,686",35,70,83,48,82,67,76,173,634,70,140,166,138,340,274,320,614,"2,062",239,102,171,163,210,885,256,159,18,267,36,8,89,9,17,0,9,11,27,12,918,256,318,36,"1,133",147,23,231,28,99,0,31,63,61,34,"2,460",256,257,139,133,82,33,13,5,918,256,514,417,532,410,198,91,42,"2,460",875,23,0,8,12,918,"2,363",46,0,15,36,"2,460",32,39,80,75,141,120,151,215,31,26,910,57,77,155,162,323,302,500,720,87,62,"2,445",235,469,80,62,3,39,22,910,820,"1,142",184,164,7,71,57,"2,445",6,38,107,114,160,144,115,172,54,910,10,68,226,280,397,413,319,591,141,"2,445",11,497,26,43,59,230,10,12,15,7,910,824,42,10,11,0,23,910,190,643,41,6,1,29,910,918,33,79,225,"1,255",2,38,405,11,138,82,24,203,66,7,936,445,10,74,97,138,178,57,8,"1,007",850,21,212,179,162,381,123,15,"1,943",71,259,138,251,129,103,253,"1,204",57,338,241,147,128,72,285,"1,268",128,597,379,398,257,175,538,"2,472",74,35,111,126,98,75,85,46,34,3,231,918,221,100,337,364,313,203,203,140,82,4,493,"2,460",128,57,86,70,111,17,34,134,172,809,91,36,62,100,89,31,46,215,178,848,219,93,148,170,200,48,80,349,350,"1,657",82,45,97,62,179,107,38,19,18,36,17,115,4,7,13,0,542,809,79,14,53,100,26,5,0,64,27,0,480,848,117,33,71,136,43,120,4,71,40,0,"1,022","1,657",35,180,150,134,55,53,21,39,50,54,1,37,809,30,126,133,119,78,27,37,72,79,92,6,49,848,65,306,283,253,133,80,58,111,129,146,7,86,"1,657",33,2,16,1,1,587,43,81,9,35,28,836,55,2,35,0,0,29,405,1,0,0,15,542,88,4,51,1,1,616,448,82,9,35,43,"1,378",47,100,116,120,191,584,75,64,46,"1,343",626,240,143,88,140,25,81,"1,343",185,169,354,35,82,117,671,711,"1,382",331,356,687,164,156,320,14,21,35,4,5,9,20,19,39,"1,204","1,268","2,472",31,67,57,18,136,11,10,82,62,69,543,21,122,42,77,13,83,46,24,44,47,519,52,189,99,95,149,94,56,106,106,116,"1,062",8,57,49,62,70,23,66,70,405,3,3,26,69,52,34,200,58,445,11,60,75,131,122,57,266,128,850,151,369,316,40,14,20,910,508,379,23,910,475,94,326,15,910
A5784B81-A3F3-4DE1-A839-12B401990F6A,LPT2012_069023,Conamara Láir,14,9,21,19,13,16,16,24,25,18,12,17,21,13,15,14,23,22,9,16,61,79,71,90,85,86,98,111,137,143,97,68,27,23,"1,513",13,14,9,18,13,33,20,24,16,20,15,18,18,16,15,23,15,18,13,18,57,58,76,87,100,89,90,101,107,111,75,41,33,48,"1,422",27,23,30,37,26,49,36,48,41,38,27,35,39,29,30,37,38,40,22,34,118,137,147,177,185,175,188,212,244,254,172,109,60,71,"2,935",879,525,35,24,50,"1,513",696,521,38,28,139,"1,422","1,575","1,046",73,52,189,"2,935","2,572",213,7,0,24,83,0,"2,899","2,741",75,6,0,22,24,31,"2,899","2,739",6,87,5,11,8,43,"2,899","2,746",75,25,26,"2,872","2,633",108,165,29,"2,935",8,26,0,69,103,62,26,8,1,6,103,"2,464",362,29,"2,855",253,141,5,0,0,703,58,77,14,19,"1,270",262,168,4,1,0,591,66,73,18,11,"1,194",515,309,9,1,0,"1,294",124,150,32,30,"2,464",302,165,139,83,49,738,604,495,556,415,313,"2,383",90,219,296,259,217,"1,081",0,54,58,43,17,5,177,0,147,98,26,8,2,281,0,0,19,22,19,8,68,212,201,175,91,44,15,738,126,173,53,352,46,85,14,145,5,23,1,29,308,288,182,778,76,142,40,258,8,34,3,45,110,79,56,78,203,526,480,332,229,294,624,"1,959",32,84,96,36,72,69,84,265,738,64,168,192,108,285,302,331,933,"2,383",294,96,178,160,302,"1,030",347,167,27,291,37,25,113,12,18,4,16,14,56,4,"1,131",347,334,54,"1,221",157,61,324,37,100,17,64,75,126,12,"2,929",347,308,179,147,87,43,13,7,"1,131",347,616,537,588,435,258,91,57,"2,929","1,068",10,0,24,29,"1,131","2,791",27,0,38,73,"2,929",133,101,95,87,130,144,137,223,29,28,"1,107",271,202,192,197,283,430,451,725,79,61,"2,891",230,631,60,97,6,49,34,"1,107",826,"1,476",162,240,9,102,76,"2,891",9,43,114,174,204,218,114,176,55,"1,107",11,60,225,408,491,617,357,599,123,"2,891",13,585,6,24,38,401,6,12,10,12,"1,107",829,80,35,116,5,42,"1,107",58,943,58,12,3,33,"1,107","1,121",40,293,329,"1,783",2,48,492,16,201,88,39,313,109,2,"1,260",421,8,99,106,236,213,72,5,"1,160",913,24,300,194,275,526,181,7,"2,420",68,245,121,258,257,130,434,"1,513",41,318,226,149,210,81,397,"1,422",109,563,347,407,467,211,831,"2,935",67,22,103,107,80,101,92,52,190,5,312,"1,131",177,56,293,302,246,290,251,150,444,14,706,"2,929",245,79,127,72,113,20,26,139,287,"1,108",128,55,89,65,109,31,27,222,260,986,373,134,216,137,222,51,53,361,547,"2,094",88,64,106,68,194,132,27,17,15,34,24,110,37,15,18,0,811,"1,108",86,16,38,84,27,9,4,95,40,2,585,986,113,33,53,118,51,119,41,110,58,2,"1,396","2,094",39,362,222,171,50,54,25,47,47,39,9,43,"1,108",28,209,131,152,95,31,53,80,73,86,5,43,986,67,571,353,323,145,85,78,127,120,125,14,86,"2,094",29,7,10,0,2,536,52,128,9,64,59,896,35,4,157,1,0,23,313,3,0,0,25,561,64,11,167,1,2,559,365,131,9,64,84,"1,457",68,109,123,136,176,369,252,73,87,"1,393",534,304,199,70,119,42,125,"1,393",254,213,467,73,81,154,723,749,"1,472",502,423,925,209,186,395,40,27,67,7,10,17,32,27,59,"1,513","1,422","2,935",29,48,39,14,249,24,7,84,78,121,693,26,107,43,75,26,94,25,16,36,72,520,55,155,82,89,275,118,32,100,114,193,"1,213",100,52,72,48,44,26,70,80,492,13,1,22,51,25,14,225,70,421,113,53,94,99,69,40,295,150,913,177,495,338,49,15,33,"1,107",573,492,42,"1,107",505,147,415,40,"1,107"
3751E648-A867-496A-B7FB-BCA4A067FA78,LPT2012_069025,Cois Fharraige,42,39,41,51,42,39,55,56,51,35,51,48,52,42,45,40,55,46,48,44,179,140,161,221,274,223,220,235,234,172,151,90,46,31,"3,299",38,38,32,40,43,50,39,45,64,37,63,46,32,38,45,42,41,40,41,36,146,143,188,266,272,271,220,218,215,178,138,104,80,81,"3,370",80,77,73,91,85,89,94,101,115,72,114,94,84,80,90,82,96,86,89,80,325,283,349,487,546,494,440,453,449,350,289,194,126,112,"6,669","1,812","1,328",53,54,52,"3,299","1,601","1,354",69,68,278,"3,370","3,413","2,682",122,122,330,"6,669","5,690",533,47,24,105,194,0,"6,593","6,137",163,48,25,91,71,58,"6,593","6,114",0,333,9,20,39,78,"6,593","6,165",200,75,74,"6,514","5,692",211,665,101,"6,669",51,81,28,250,410,272,94,28,2,14,410,"5,353","1,010",76,"6,439",573,297,3,1,1,"1,265",210,239,25,30,"2,644",588,358,7,1,2,"1,184",208,279,50,32,"2,709","1,161",655,10,2,3,"2,449",418,518,75,62,"5,353",669,419,349,196,112,"1,745","1,338","1,257","1,396",980,703,"5,674",186,506,725,593,480,"2,490",0,196,219,95,25,3,538,0,322,142,60,22,2,548,0,0,48,63,46,19,176,483,518,409,218,93,24,"1,745",441,362,153,956,90,151,21,262,7,35,2,44,895,618,511,"2,024",131,222,56,409,9,44,4,57,307,225,182,178,370,"1,262","1,209",936,769,647,"1,147","4,708",120,180,183,159,196,183,226,498,"1,745",240,360,366,515,745,754,923,"1,771","5,674",718,282,501,378,540,"2,419",582,373,72,811,80,39,204,20,49,4,25,33,59,27,"2,378",582,746,144,"3,406",291,89,542,62,244,14,89,168,134,66,"6,577",582,652,419,369,224,101,19,12,"2,378",582,"1,304","1,257","1,476","1,120",606,133,99,"6,577","2,252",85,3,17,21,"2,378","6,343",147,4,35,48,"6,577",73,95,170,188,378,336,389,564,87,81,"2,361",178,208,364,438,876,935,"1,282","1,793",258,210,"6,542",735,"1,127",313,53,12,76,45,"2,361","2,612","2,792",751,105,20,146,116,"6,542",25,108,177,283,365,411,360,511,121,"2,361",31,175,365,645,913,"1,174","1,129","1,823",287,"6,542",32,"1,428",27,137,69,527,26,54,41,20,"2,361","1,761",372,59,76,6,87,"2,361",177,"1,860",225,35,1,63,"2,361","2,376",68,206,381,"3,031",9,154,"1,305",24,301,327,55,469,118,11,"2,610","1,305",13,139,288,383,485,95,12,"2,720","2,610",37,440,615,438,954,213,23,"5,330",295,993,353,599,350,200,509,"3,299",231,"1,203",671,313,334,116,502,"3,370",526,"2,196","1,024",912,684,316,"1,011","6,669",292,140,401,360,174,188,148,133,131,2,409,"2,378",884,427,"1,194","1,022",513,510,397,416,310,7,897,"6,577",118,76,192,128,172,66,92,540,768,"2,152",77,52,142,133,241,93,126,646,799,"2,309",195,128,334,261,413,159,218,"1,186","1,567","4,461",327,131,288,123,615,254,86,63,68,193,114,347,48,49,58,1,"1,125","2,152",224,79,145,319,106,31,14,249,92,5,"1,045","2,309",310,142,213,512,220,378,62,298,150,6,"2,170","4,461",56,256,366,316,156,151,109,174,213,225,31,99,"2,152",42,209,274,363,188,82,129,237,297,346,32,110,"2,309",98,465,640,679,344,233,238,411,510,571,63,209,"4,461",114,23,48,4,5,"1,823",124,225,17,124,77,"2,584",109,15,230,4,0,100,"1,028",7,0,1,46,"1,540",223,38,278,8,5,"1,923","1,152",232,17,125,123,"4,124",127,259,412,647,655,"1,217",279,251,152,"3,999","1,398",922,886,289,219,67,218,"3,999",397,426,823,152,197,349,"1,985","2,043","4,028",895,914,"1,809",326,305,631,39,40,79,8,12,20,46,56,102,"3,299","3,370","6,669",97,266,189,54,382,30,40,198,168,182,"1,606",89,397,159,244,37,183,101,61,80,93,"1,444",186,663,348,298,419,213,141,259,248,275,"3,050",62,135,242,187,156,77,250,196,"1,305",5,9,117,215,113,96,574,176,"1,305",67,144,359,402,269,173,824,372,"2,610",221,946,948,159,47,40,"2,361","1,657",656,48,"2,361","1,544",219,547,51,"2,361"
A4741732-6C2D-4A14-B84C-A2AB55278420,LPT2012_069026,Maigh Cuilinn,33,22,43,42,50,47,33,40,34,33,33,58,36,31,31,40,44,26,24,37,110,85,98,149,170,187,151,150,100,98,69,49,23,14,"2,190",32,27,28,38,31,40,37,41,35,33,37,33,29,35,41,37,30,36,32,20,105,92,144,164,188,210,170,141,114,97,72,32,31,48,"2,280",65,49,71,80,81,87,70,81,69,66,70,91,65,66,72,77,74,62,56,57,215,177,242,313,358,397,321,291,214,195,141,81,54,62,"4,470","1,151",953,32,23,31,"2,190","1,105",973,46,38,118,"2,280","2,256","1,926",78,61,149,"4,470","3,717",321,71,9,100,221,0,"4,439","4,018",116,77,10,103,86,29,"4,439","3,875",8,370,9,71,57,49,"4,439","4,060",214,48,52,"4,374","3,606",271,543,50,"4,470",98,60,12,256,426,263,118,32,6,7,426,"2,667","1,578",40,"4,285",344,23,5,3,0,112,149,461,158,5,"1,260",373,36,10,2,2,128,175,511,162,8,"1,407",717,59,15,5,2,240,324,972,320,13,"2,667",410,229,336,173,52,"1,200",820,687,"1,344",865,324,"4,040",96,265,688,523,220,"1,792",0,136,184,99,17,4,440,0,153,120,35,6,1,315,0,0,52,51,24,4,131,314,289,356,185,47,9,"1,200",376,247,111,734,61,55,19,135,3,13,1,17,799,435,326,"1,560",84,79,47,210,7,13,2,22,252,162,157,131,184,886,"1,014",656,653,504,585,"3,412",89,110,115,126,159,155,167,279,"1,200",178,220,230,422,629,655,682,"1,024","4,040",420,189,403,286,257,"1,555",259,226,52,651,43,12,115,19,20,4,6,26,34,16,"1,483",259,452,104,"2,713",159,28,299,60,103,13,22,142,77,43,"4,474",259,393,236,341,186,53,11,4,"1,483",259,786,708,"1,364",930,318,77,32,"4,474","1,376",90,1,7,9,"1,483","4,239",188,1,13,33,"4,474",39,34,62,88,163,186,293,510,36,65,"1,476",99,91,125,205,406,580,"1,015","1,650",99,191,"4,461",584,569,255,22,4,23,19,"1,476","2,132","1,491",681,47,11,41,58,"4,461",9,50,73,131,234,289,293,355,42,"1,476",13,99,172,329,616,850,929,"1,335",118,"4,461",14,972,67,126,27,173,34,28,21,14,"1,476","1,195",149,8,66,1,57,"1,476",508,824,84,5,0,55,"1,476","1,481",40,25,123,"1,669",1,63,998,9,84,237,19,216,57,4,"1,624",967,9,51,233,213,227,58,5,"1,763","1,965",18,135,470,232,443,115,9,"3,387",379,714,280,352,189,42,234,"2,190",321,833,473,181,182,16,274,"2,280",700,"1,547",753,533,371,58,508,"4,470",229,196,262,221,93,106,33,100,54,3,186,"1,483",755,671,762,642,307,334,96,327,142,5,433,"4,474",37,40,82,70,104,38,55,434,433,"1,293",19,20,43,57,157,67,63,499,517,"1,442",56,60,125,127,261,105,118,933,950,"2,735",237,94,233,88,470,182,49,29,32,171,126,245,44,52,33,3,509,"1,293",129,39,57,288,106,31,9,204,81,1,497,"1,442",178,68,89,459,232,276,53,256,114,4,"1,006","2,735",16,113,159,201,106,76,64,114,143,199,63,39,"1,293",11,76,111,279,124,49,78,149,195,264,54,52,"1,442",27,189,270,480,230,125,142,263,338,463,117,91,"2,735",83,20,25,4,4,"1,442",79,145,10,93,42,"1,947",138,4,266,2,0,97,668,3,0,0,26,"1,204",221,24,291,6,4,"1,539",747,148,10,93,68,"3,151",118,180,348,774,594,697,95,177,75,"3,058",719,965,910,169,112,54,129,"3,058",208,253,461,71,109,180,"1,451","1,461","2,912",550,598,"1,148",136,152,288,16,24,40,2,1,3,35,44,79,"2,190","2,280","4,470",110,273,129,35,231,22,41,104,67,70,"1,082",52,327,117,179,26,104,83,36,40,54,"1,018",162,600,246,214,257,126,124,140,107,124,"2,100",26,106,164,192,115,50,215,130,998,1,5,81,201,39,45,450,145,967,27,111,245,393,154,95,665,275,"1,965",78,486,750,110,31,21,"1,476","1,137",315,24,"1,476","1,146",112,204,14,"1,476"
45DA65E0-4EA7-4C4A-A615-CBB4EC93A2AA,LPT2012_069027,Bearna agus Cnoc na Cathrach,71,85,100,99,100,112,89,87,95,80,75,85,83,101,87,82,101,94,85,76,267,244,352,501,446,433,385,325,252,179,138,86,61,34,"5,490",76,92,88,89,102,83,87,97,103,88,78,76,94,89,88,82,88,85,93,70,289,307,502,578,570,497,439,380,297,220,166,112,58,43,"6,206",147,177,188,188,202,195,176,184,198,168,153,161,177,190,175,164,189,179,178,146,556,551,854,"1,079","1,016",930,824,705,549,399,304,198,119,77,"11,696","3,047","2,198",84,98,63,"5,490","3,381","2,249",154,198,224,"6,206","6,428","4,447",238,296,287,"11,696","9,327",839,251,66,352,743,0,"11,578","10,255",243,277,67,324,279,133,"11,578","9,532",55,"1,105",227,230,208,221,"11,578","10,457",592,199,183,"11,431","8,719","1,032","1,699",246,"11,696",321,173,61,"1,011","1,566",971,408,126,22,39,"1,566","6,271","4,706",207,"11,184",826,68,14,10,2,242,218,998,402,21,"2,801",997,86,21,5,2,264,298,"1,232",537,28,"3,470","1,823",154,35,15,4,506,516,"2,230",939,49,"6,271","1,141",665,734,366,149,"3,055","2,282","1,995","2,936","1,830",957,"10,000",308,818,"1,520","1,109",664,"4,419",0,394,452,188,48,10,"1,092",0,426,263,80,14,3,786,0,0,120,139,58,27,344,833,820,835,407,120,40,"3,055",908,505,280,"1,693",172,240,60,472,12,41,4,57,"1,823",878,876,"3,577",264,328,164,756,17,57,12,86,663,420,353,347,439,"2,222","2,685","1,687","1,408","1,237","1,317","8,334",308,276,249,345,393,354,446,684,"3,055",616,552,498,"1,151","1,528","1,425","1,773","2,457","10,000","1,466",577,955,711,579,"4,288",957,579,188,"1,447",154,50,416,43,70,5,33,35,58,179,"4,214",957,"1,158",376,"5,978",599,126,"1,100",139,393,20,116,179,127,475,"11,743",957,"1,180",734,762,393,139,33,16,"4,214",957,"2,360","2,202","3,048","1,965",834,231,146,"11,743","3,697",481,3,2,31,"4,214","10,794",855,8,3,83,"11,743",27,33,49,106,259,805,"1,112","1,464",100,257,"4,212",65,71,126,234,680,"2,148","3,136","4,263",261,756,"11,740","1,557","1,265",929,265,52,48,96,"4,212","4,865","2,973","2,750",743,89,92,228,"11,740",17,166,420,418,706,739,649,941,156,"4,212",35,306,885,"1,064","1,767","2,076","2,085","3,186",336,"11,740",28,"2,870",476,475,75,65,87,36,27,73,"4,212","3,907",121,12,16,1,155,"4,212","3,112",778,118,24,1,179,"4,212","4,231",158,78,304,"4,771",5,59,"2,593",30,235,609,36,500,131,7,"4,141","2,739",39,231,644,547,542,118,16,"4,876","5,332",69,466,"1,253",583,"1,042",249,23,"9,017","1,037","1,890",673,656,518,96,620,"5,490",942,"2,315","1,225",388,424,69,843,"6,206","1,979","4,205","1,898","1,044",942,165,"1,463","11,696",781,615,769,759,163,261,66,192,41,4,563,"4,214","2,305","1,893","2,032","1,989",505,788,188,600,91,11,"1,341","11,743",58,61,134,153,313,131,140,"1,294",965,"3,249",37,39,128,174,371,155,196,"1,585","1,232","3,917",95,100,262,327,684,286,336,"2,879","2,197","7,166",609,283,644,315,"1,253",598,101,89,105,566,343,626,43,184,149,8,"1,035","3,249",353,137,193,868,239,85,15,692,211,9,"1,115","3,917",454,226,298,"1,434",582,711,58,876,360,17,"2,150","7,166",33,146,269,501,219,206,166,358,521,563,131,136,"3,249",30,106,263,626,300,149,276,462,639,821,97,148,"3,917",63,252,532,"1,127",519,355,442,820,"1,160","1,384",228,284,"7,166",160,184,286,17,20,"3,756",256,195,16,219,168,"5,277",309,63,405,7,0,188,"1,929",12,1,7,84,"3,005",469,247,691,24,20,"3,944","2,185",207,17,226,252,"8,282",247,369,683,"1,671","2,291","1,535",322,648,290,"8,056","1,750","3,287","1,856",309,270,128,456,"8,056",575,645,"1,220",171,299,470,"3,617","4,138","7,755","1,371","1,536","2,907",308,347,655,52,52,104,9,7,16,133,126,259,"5,490","6,206","11,696",322,753,437,106,374,62,129,250,211,184,"2,828",219,964,350,491,44,291,222,70,137,182,"2,970",541,"1,717",787,597,418,353,351,320,348,366,"5,798",23,151,415,617,347,112,469,459,"2,593",4,25,191,589,124,122,"1,242",442,"2,739",27,176,606,"1,206",471,234,"1,711",901,"5,332",303,"1,777","1,767",217,51,97,"4,212","3,366",728,118,"4,212","3,530",214,369,99,"4,212"
614D1107-B95A-443A-A715-90988E669344,LPT2012_069028,Oirthear Chathair na Gaillimhe,57,52,42,51,41,42,46,57,44,38,36,28,44,28,34,36,35,40,50,99,539,384,401,320,193,184,185,167,162,127,78,40,27,19,"3,726",36,42,47,40,35,55,40,44,39,46,38,34,32,41,41,45,35,30,68,158,590,394,411,322,231,226,192,226,174,144,89,58,25,46,"4,074",93,94,89,91,76,97,86,101,83,84,74,62,76,69,75,81,70,70,118,257,"1,129",778,812,642,424,410,377,393,336,271,167,98,52,65,"7,800","2,418","1,120",68,65,55,"3,726","2,606","1,112",113,100,143,"4,074","5,024","2,232",181,165,198,"7,800","5,520",424,457,135,403,583,0,"7,522","5,903",108,472,146,406,296,191,"7,522","5,227",265,"1,241",160,209,173,247,"7,522","6,377",547,295,211,"7,430","5,432",932,"1,135",301,"7,800",522,115,146,881,"1,664",830,580,177,35,42,"1,664","3,107","4,124",293,"7,524",273,16,3,3,0,87,133,535,295,12,"1,357",396,24,6,2,0,88,160,691,374,9,"1,750",669,40,9,5,0,175,293,"1,226",669,21,"3,107",746,431,315,138,52,"1,682","1,492","1,293","1,260",690,352,"5,087",217,521,659,421,251,"2,069",0,291,199,74,15,9,588,0,267,120,34,9,0,430,0,0,57,52,15,11,135,529,558,376,160,39,20,"1,682",450,259,98,807,131,144,34,309,7,27,3,37,825,412,297,"1,534",188,199,99,486,7,34,8,49,346,232,145,157,273,"1,153","1,304",876,515,532,802,"4,029",273,153,103,202,205,181,186,379,"1,682",546,306,206,622,722,714,687,"1,284","5,087","1,383",390,462,308,278,"2,821",622,287,170,625,109,24,243,57,53,11,36,33,87,450,"2,807",622,574,340,"2,450",421,58,635,198,272,36,141,176,222,"1,335","7,480",622,851,605,453,190,56,18,12,"2,807",622,"1,702","1,815","1,812",950,336,126,117,"7,480","2,114",631,1,3,58,"2,807","5,907","1,418",1,4,150,"7,480",23,10,34,86,498,564,407,813,37,332,"2,804",48,18,94,219,"1,221","1,448","1,233","2,189",92,914,"7,476",535,641,"1,054",352,76,37,109,"2,804","1,504","1,477","2,928","1,013",207,67,280,"7,476",16,170,502,368,691,460,205,189,203,"2,804",29,317,"1,276",914,"1,908","1,284",624,622,502,"7,476",32,"1,380",567,475,152,78,10,20,14,76,"2,804","2,510",97,8,12,2,175,"2,804","2,252",323,26,20,2,181,"2,804","2,888",142,9,215,"3,254",5,228,"1,696",48,272,648,31,290,96,5,"3,086","1,621",30,230,809,305,319,145,5,"3,464","3,317",78,502,"1,457",336,609,241,10,"6,550",274,707,445,582,511,143,"1,064","3,726",211,854,761,327,475,147,"1,299","4,074",485,"1,561","1,206",909,986,290,"2,363","7,800",269,187,332,585,161,290,103,90,17,1,772,"2,807",737,459,798,"1,507",487,824,317,264,39,1,"2,047","7,480",54,50,111,109,216,97,90,625,754,"2,106",47,53,83,121,263,113,99,728,840,"2,347",101,103,194,230,479,210,189,"1,353","1,594","4,453",648,332,809,308,"1,457",640,52,46,53,248,181,355,29,53,91,1,997,"2,106",145,57,90,417,130,50,6,299,153,4,996,"2,347",197,103,143,665,311,405,35,352,244,5,"1,993","4,453",40,134,237,398,217,122,114,164,271,220,30,159,"2,106",30,129,210,434,250,89,128,230,334,294,22,197,"2,347",70,263,447,832,467,211,242,394,605,514,52,356,"4,453",439,177,182,4,12,"1,819",231,140,12,58,169,"3,243",948,134,277,1,2,106,573,1,0,2,83,"2,127","1,387",311,459,5,14,"1,925",804,141,12,60,252,"5,370",234,311,393,808,"1,001","1,056",414,785,308,"5,310","1,584","2,290",736,109,129,60,402,"5,310",458,509,967,119,176,295,"2,101","2,235","4,336","1,132","1,304","2,436",264,289,553,49,57,106,9,6,15,171,183,354,"3,726","4,074","7,800",129,291,192,88,320,56,118,255,266,253,"1,968",73,354,146,271,54,195,232,112,195,219,"1,851",202,645,338,359,374,251,350,367,461,472,"3,819",19,121,329,349,166,64,244,404,"1,696",1,4,198,371,66,77,531,373,"1,621",20,125,527,720,232,141,775,777,"3,317",531,"1,313",690,124,30,116,"2,804","1,882",792,130,"2,804","2,193",178,339,94,"2,804"
4106B1F2-D45C-4D0D-873B-DC6342ACD9D4,LPT2012_069029,An tEachréidh,45,53,70,63,88,57,73,85,57,77,78,70,58,59,52,58,61,78,50,38,213,184,261,362,309,283,286,259,232,155,113,77,44,39,"4,087",58,59,38,45,64,51,60,59,63,62,54,69,54,48,64,64,52,49,42,55,195,185,316,329,330,278,284,237,223,132,113,54,65,61,"3,912",103,112,108,108,152,108,133,144,120,139,132,139,112,107,116,122,113,127,92,93,408,369,577,691,639,561,570,496,455,287,226,131,109,100,"7,999","2,168","1,732",60,57,70,"4,087","1,850","1,739",86,56,181,"3,912","4,018","3,471",146,113,251,"7,999","6,857",434,232,51,126,233,0,"7,933","7,265",119,243,54,122,78,52,"7,933","6,918",163,557,61,58,81,95,"7,933","7,372",308,74,76,"7,830","6,935",340,631,93,"7,999",287,71,49,378,785,437,245,53,23,27,785,"4,223","3,325",128,"7,676",578,21,6,3,2,90,175,805,350,11,"2,041",648,29,13,6,2,83,189,806,392,14,"2,182","1,226",50,19,9,4,173,364,"1,611",742,25,"4,223",731,460,560,271,116,"2,138","1,462","1,380","2,240","1,355",740,"7,177",144,536,"1,142",821,509,"3,152",0,235,304,143,28,13,723,0,293,224,58,15,1,591,0,0,86,84,45,22,237,587,528,614,285,88,36,"2,138",641,452,207,"1,300",78,103,27,208,4,36,3,43,"1,327",785,641,"2,753",118,147,72,337,6,48,8,62,439,282,239,219,372,"1,551","1,778","1,205",997,850,"1,173","6,003",198,227,162,221,252,250,275,553,"2,138",396,454,324,733,"1,016","1,066","1,180","2,008","7,177",779,317,614,508,505,"2,723",438,439,90,"1,146",83,32,171,30,48,5,19,37,47,46,"2,631",438,878,180,"4,759",313,82,464,97,247,16,66,194,108,124,"7,966",438,699,485,575,288,102,34,10,"2,631",438,"1,398","1,455","2,300","1,440",612,238,85,"7,966","2,472",96,5,31,27,"2,631","7,537",183,7,154,85,"7,966",90,78,71,99,386,337,556,808,58,117,"2,600",208,170,149,225,"1,002",975,"1,879","2,715",165,324,"7,812","1,009","1,049",399,45,4,47,47,"2,600","3,602","2,757","1,081",139,15,93,125,"7,812",18,63,122,249,277,520,557,692,102,"2,600",25,110,282,659,701,"1,455","1,761","2,566",253,"7,812",19,"1,888",64,107,83,299,21,56,33,30,"2,600","1,384",874,149,83,3,107,"2,600",299,"1,950",163,96,4,88,"2,600","2,607",81,19,232,"2,939",8,129,"2,008",18,181,377,34,386,92,6,"3,102","1,721",12,112,360,420,344,87,8,"3,064","3,729",30,293,737,454,730,179,14,"6,166",392,"1,167",559,916,470,138,445,"4,087",328,"1,345",881,442,389,87,440,"3,912",720,"2,512","1,440","1,358",859,225,885,"7,999",434,186,345,396,268,258,74,205,175,9,281,"2,631","1,452",619,"1,033","1,141",812,776,212,683,463,29,746,"7,966",180,117,228,196,356,96,122,683,587,"2,565",119,63,128,163,356,137,147,833,595,"2,541",299,180,356,359,712,233,269,"1,516","1,182","5,106",377,160,360,163,737,323,49,26,42,264,179,564,111,45,80,3,"1,202","2,565",236,35,72,512,123,46,17,341,149,4,"1,006","2,541",285,61,114,776,302,610,128,386,229,7,"2,208","5,106",39,288,423,469,211,240,127,185,246,239,29,69,"2,565",20,202,276,505,197,130,174,264,372,315,29,57,"2,541",59,490,699,974,408,370,301,449,618,554,58,126,"5,106",103,39,51,4,13,"2,671",142,373,33,176,92,"3,697",161,19,489,4,2,115,"1,141",13,0,2,35,"1,981",264,58,540,8,15,"2,786","1,283",386,33,178,127,"5,678",259,405,550,"1,018","1,118","1,342",289,372,147,"5,500","1,591","1,893","1,252",244,198,50,272,"5,500",423,392,815,140,213,353,"2,590","2,475","5,065","1,110","1,053","2,163",269,265,534,31,37,68,11,13,24,76,69,145,"4,087","3,912","7,999",204,308,234,71,620,50,76,324,174,128,"2,189",122,447,184,344,40,220,172,142,87,75,"1,833",326,755,418,415,660,270,248,466,261,203,"4,022",138,240,435,415,208,69,240,263,"2,008",8,15,272,375,65,100,660,226,"1,721",146,255,707,790,273,169,900,489,"3,729",105,818,"1,277",265,89,46,"2,600","1,985",569,46,"2,600","1,876",262,422,40,"2,600"
24D3D467-7219-431F-B2E0-4A240AB499B1,LPT2012_079020,Ciarraí Thiar,43,48,36,36,33,41,42,23,38,44,28,32,33,40,36,37,43,33,49,38,152,157,199,221,232,234,265,284,309,267,152,90,44,49,"3,408",37,36,40,44,44,36,37,29,35,35,36,43,43,38,42,61,67,51,48,46,172,171,216,216,225,229,272,294,272,239,152,87,60,87,"3,540",80,84,76,80,77,77,79,52,73,79,64,75,76,78,78,98,110,84,97,84,324,328,415,437,457,463,537,578,581,506,304,177,104,136,"6,948","1,772","1,394",86,88,68,"3,408","1,673","1,397",92,118,260,"3,540","3,445","2,791",178,206,328,"6,948","5,426",502,58,79,217,250,0,"6,532","5,708",250,57,82,204,109,122,"6,532","5,625",1,631,8,32,63,172,"6,532","6,067",193,108,86,"6,454","5,318",444,975,211,"6,948",57,82,82,352,573,335,138,74,11,15,573,"4,775","1,744",189,"6,708",452,161,4,4,1,776,295,567,92,28,"2,380",547,226,11,2,0,765,291,448,73,32,"2,395",999,387,15,6,1,"1,541",586,"1,015",165,60,"4,775",743,343,324,177,58,"1,645","1,486","1,029","1,296",885,368,"5,064",176,403,665,536,253,"2,033",0,166,175,81,15,6,443,0,293,137,50,7,3,490,0,0,55,58,22,10,145,567,459,367,189,44,19,"1,645",359,343,117,819,77,115,24,216,7,32,4,43,736,576,349,"1,661",103,141,65,309,10,44,9,63,276,165,147,192,298,"1,078","1,100",684,552,704,890,"3,930",106,243,218,146,150,147,206,429,"1,645",212,486,436,478,598,575,770,"1,509","5,064",700,279,524,429,453,"2,385",882,454,88,683,88,35,189,21,43,7,21,8,49,75,"2,643",882,908,176,"2,777",336,87,463,68,213,24,75,41,113,199,"6,362",882,780,375,334,201,48,20,3,"2,643",882,"1,560","1,125","1,336","1,005",288,140,26,"6,362","2,469",100,9,23,42,"2,643","6,054",163,11,27,107,"6,362",305,254,164,113,315,273,361,657,52,126,"2,620",589,487,356,229,723,674,977,"1,868",143,289,"6,335",569,"1,312",365,197,5,102,70,"2,620","1,867","2,876",801,428,13,198,152,"6,335",32,114,206,298,590,487,363,386,144,"2,620",38,178,449,620,"1,334","1,215","1,012","1,177",312,"6,335",107,"1,719",58,226,245,67,49,65,30,54,"2,620","1,941",101,51,440,4,83,"2,620",851,"1,521",125,14,7,102,"2,620","2,701",67,"1,362",573,"4,703",30,493,"1,715",17,188,219,32,549,122,13,"2,855","1,490",13,120,335,361,540,83,23,"2,965","3,205",30,308,554,393,"1,089",205,36,"5,820",217,992,513,604,437,90,555,"3,408",174,"1,161",593,363,343,85,821,"3,540",391,"2,153","1,106",967,780,175,"1,376","6,948",368,82,356,405,151,149,67,191,388,8,478,"2,643",977,209,862,"1,010",374,355,167,494,989,17,908,"6,362",121,81,176,130,250,96,88,560,996,"2,498",75,42,120,127,280,108,129,679,922,"2,482",196,123,296,257,530,204,217,"1,239","1,918","4,980",219,138,335,148,554,286,93,55,61,207,98,332,214,53,89,5,"1,291","2,498",260,98,85,334,93,33,33,281,169,2,"1,094","2,482",353,153,146,541,191,365,247,334,258,7,"2,385","4,980",40,271,414,474,166,213,121,216,201,158,33,191,"2,498",21,194,256,470,168,133,148,300,282,287,20,203,"2,482",61,465,670,944,334,346,269,516,483,445,53,394,"4,980",374,58,20,8,7,"1,598",102,252,21,342,189,"2,971",220,8,205,8,0,61,618,5,0,1,112,"1,238",594,66,225,16,7,"1,659",720,257,21,343,301,"4,209",130,148,219,432,573,"1,199",334,479,352,"3,866","1,906",838,324,151,157,53,437,"3,866",428,459,887,141,175,316,"1,835","1,986","3,821","1,092","1,018","2,110",328,300,628,38,60,98,4,10,14,111,166,277,"3,408","3,540","6,948",189,189,160,44,729,49,72,139,160,172,"1,903",165,340,145,178,118,197,110,24,177,156,"1,610",354,529,305,222,847,246,182,163,337,328,"3,513",368,124,155,255,105,65,175,468,"1,715",29,2,73,238,45,50,504,549,"1,490",397,126,228,493,150,115,679,"1,017","3,205",344,"1,176",850,149,33,68,"2,620","1,728",811,81,"2,620","1,434",360,746,80,"2,620"
D9E72494-6DEA-458F-8C28-FA4353189F15,LPT2012_079021,Ciarraí Theas,5,9,5,17,11,10,18,15,12,17,11,8,6,14,11,10,8,4,7,11,27,31,44,52,68,57,54,71,91,87,69,30,20,8,918,10,12,14,8,12,5,9,12,15,13,17,12,7,8,7,6,12,6,12,11,38,31,50,58,58,56,54,82,70,71,49,26,23,16,890,15,21,19,25,23,15,27,27,27,30,28,20,13,22,18,16,20,10,19,22,65,62,94,110,126,113,108,153,161,158,118,56,43,24,"1,808",462,404,11,19,22,918,385,394,17,16,78,890,847,798,28,35,100,"1,808","1,470",175,5,2,32,39,0,"1,723","1,548",107,5,2,30,21,10,"1,723","1,531",3,161,0,4,12,12,"1,723","1,643",24,14,28,"1,709","1,492",107,194,15,"1,808",6,19,2,46,73,47,16,7,0,3,73,"1,099",634,20,"1,753",109,11,0,1,0,50,69,259,55,4,558,136,17,4,4,0,43,63,219,55,0,541,245,28,4,5,0,93,132,478,110,4,"1,099",218,88,82,50,26,464,436,264,328,250,163,"1,441",41,100,168,151,112,572,0,35,46,30,8,2,121,0,82,31,11,3,0,127,0,0,13,12,10,4,39,177,117,90,53,21,6,464,104,92,32,228,17,26,5,48,0,9,2,11,237,148,101,486,23,30,17,70,0,11,5,16,67,56,37,38,89,287,287,245,147,140,268,"1,087",18,79,80,31,43,47,51,115,464,36,158,160,104,171,210,208,394,"1,441",169,51,136,110,174,640,219,160,13,194,23,11,39,2,7,0,3,6,23,4,704,219,320,26,805,94,27,98,7,36,0,11,31,50,9,"1,733",219,229,88,85,54,24,2,3,704,219,458,264,340,270,144,14,24,"1,733",688,7,1,5,3,704,"1,699",12,1,11,10,"1,733",72,63,68,52,97,102,70,152,12,11,699,141,131,169,108,190,245,199,467,30,42,"1,722",156,444,43,28,3,14,11,699,512,980,108,70,4,28,20,"1,722",3,12,55,79,155,153,114,97,31,699,3,24,104,162,368,414,314,282,51,"1,722",14,340,10,18,14,259,9,23,9,3,699,313,48,20,304,4,10,699,46,594,44,3,1,11,699,735,14,706,200,"1,655",5,17,397,5,54,43,18,198,31,3,749,356,1,35,60,106,159,10,2,729,753,6,89,103,124,357,41,5,"1,478",96,212,131,197,94,44,144,918,52,270,169,115,108,31,145,890,148,482,300,312,202,75,289,"1,808",68,25,85,86,44,34,29,65,166,3,99,704,169,58,204,231,109,110,77,164,416,5,190,"1,733",73,44,77,33,74,18,21,144,197,681,41,29,74,37,80,22,36,162,153,634,114,73,151,70,154,40,57,306,350,"1,315",43,25,60,35,103,60,13,18,12,26,26,125,83,9,24,1,344,681,48,28,20,76,18,9,9,81,40,1,304,634,61,46,32,102,44,134,92,90,64,2,648,"1,315",15,119,135,106,67,63,34,36,46,28,5,27,681,8,70,112,102,62,31,37,64,63,56,2,27,634,23,189,247,208,129,94,71,100,109,84,7,54,"1,315",27,5,4,0,2,421,13,91,4,108,43,718,19,4,180,1,0,13,94,2,0,0,9,322,46,9,184,1,2,434,107,93,4,108,52,"1,040",34,43,61,121,181,230,139,67,56,932,274,337,129,18,47,32,95,932,109,94,203,37,46,83,518,518,"1,036",289,288,577,90,67,157,9,7,16,1,0,1,11,10,21,918,890,"1,808",19,40,35,10,251,9,4,25,34,24,451,31,73,38,46,20,66,41,5,46,25,391,50,113,73,56,271,75,45,30,80,49,842,133,54,26,33,19,22,44,66,397,9,3,23,63,11,13,146,88,356,142,57,49,96,30,35,190,154,753,55,312,265,47,16,4,699,445,244,10,699,400,81,210,8,699
610B2D7E-2A4A-48A9-A108-D46E11E7A67D,LPT2012_159020,Maigh Eo Thuaidh,34,57,32,51,42,39,48,40,54,48,46,57,41,46,51,47,75,58,50,40,159,147,229,175,228,217,251,280,274,288,196,125,88,74,"3,687",38,29,41,38,42,42,50,46,47,41,43,35,49,47,44,56,81,35,33,25,151,165,232,198,205,240,246,275,243,211,154,116,99,115,"3,512",72,86,73,89,84,81,98,86,101,89,89,92,90,93,95,103,156,93,83,65,310,312,461,373,433,457,497,555,517,499,350,241,187,189,"7,199","2,004","1,455",71,58,99,"3,687","1,541","1,490",98,43,340,"3,512","3,545","2,945",169,101,439,"7,199","6,057",795,69,1,76,117,0,"7,115","6,566",258,75,1,74,38,103,"7,115","6,552",3,355,10,17,43,135,"7,115","6,736",165,77,68,"7,046","6,707",201,190,101,"7,199",78,57,1,146,282,150,88,28,3,13,282,"3,998","2,819",151,"6,968",493,41,9,5,1,254,197,702,222,18,"1,942",570,56,11,5,1,212,232,759,196,14,"2,056","1,063",97,20,10,2,466,429,"1,461",418,32,"3,998",822,409,340,194,115,"1,880","1,644","1,227","1,360",970,738,"5,939",206,488,713,592,514,"2,513",0,166,176,90,22,12,466,0,370,148,47,18,3,586,0,0,62,80,44,26,212,616,536,386,217,84,41,"1,880",350,394,186,930,107,155,23,285,9,37,3,49,749,630,599,"1,978",172,219,71,462,20,46,7,73,298,202,178,178,408,"1,264","1,207",874,751,660,"1,215","4,707",90,281,245,139,158,169,235,563,"1,880",180,562,490,437,622,698,985,"1,965","5,939",615,259,418,404,850,"2,546",758,502,57,777,69,42,248,40,62,4,11,34,88,25,"2,717",758,"1,004",114,"3,227",255,107,653,128,344,13,49,182,189,65,"7,088",758,827,427,353,204,94,40,14,"2,717",758,"1,654","1,281","1,412","1,020",564,280,119,"7,088","2,628",36,1,19,33,"2,717","6,918",60,1,23,86,"7,088",118,334,271,148,311,386,371,589,73,97,"2,698",235,691,610,307,696,"1,009","1,196","1,859",215,247,"7,065",593,"1,531",207,194,5,83,85,"2,698","2,078","3,564",564,481,7,176,195,"7,065",10,59,262,330,592,580,359,349,157,"2,698",20,95,544,734,"1,423","1,630","1,067","1,215",337,"7,065",19,"1,072",17,67,55,"1,357",11,19,30,51,"2,698","1,036",924,363,277,2,96,"2,698",426,"2,000",124,23,9,116,"2,698","2,722",86,415,721,"3,944",6,214,"1,287",26,446,296,78,676,168,24,"3,001","1,109",9,217,305,501,537,173,29,"2,880","2,396",35,663,601,579,"1,213",341,53,"5,881",141,595,402,721,550,274,"1,004","3,687",93,744,621,382,502,150,"1,020","3,512",234,"1,339","1,023","1,103","1,052",424,"2,024","7,199",173,64,190,303,247,252,164,114,482,12,716,"2,717",524,170,577,839,758,689,470,309,"1,140",19,"1,593","7,088",385,137,212,166,265,63,47,243,"1,045","2,563",218,100,220,158,297,77,65,345,982,"2,462",603,237,432,324,562,140,112,588,"2,027","5,025",296,142,305,113,601,255,37,14,21,53,31,348,132,24,62,3,"1,838","2,563",159,15,36,210,41,14,20,253,115,0,"1,599","2,462",196,29,57,263,72,362,152,277,177,3,"3,437","5,025",147,685,501,418,132,172,55,87,100,46,2,218,"2,563",94,435,432,466,205,73,105,146,173,127,4,202,"2,462",241,"1,120",933,884,337,245,160,233,273,173,6,420,"5,025",133,12,26,3,4,"1,393",119,301,20,142,209,"2,362",149,3,515,4,1,65,711,8,1,2,49,"1,508",282,15,541,7,5,"1,458",830,309,21,144,258,"3,870",157,180,190,432,538,885,774,288,282,"3,726","1,731",930,348,91,159,71,396,"3,726",601,607,"1,208",182,242,424,"1,883","1,734","3,617","1,124","1,123","2,247",505,489,994,73,71,144,17,13,30,85,82,167,"3,687","3,512","7,199",89,95,98,25,691,37,33,210,198,257,"1,733",59,217,61,203,70,261,95,32,149,179,"1,326",148,312,159,228,761,298,128,242,347,436,"3,059",272,190,166,173,55,68,139,224,"1,287",27,14,53,182,19,56,474,284,"1,109",299,204,219,355,74,124,613,508,"2,396",397,"1,233",863,105,33,67,"2,698","1,446","1,165",87,"2,698","1,318",353,933,94,"2,698"
D915A13E-4215-4BB1-886D-77557D425F1B,LPT2012_159021,Maigh Eo Thiar,14,10,8,7,8,6,8,13,10,12,17,21,21,22,14,10,13,11,17,9,41,40,45,46,67,59,51,70,84,112,81,62,37,23,"1,069",5,6,10,10,9,8,7,11,7,16,13,13,17,14,11,10,10,8,12,6,30,36,46,61,61,71,71,56,87,97,77,61,56,59,"1,072",19,16,18,17,17,14,15,24,17,28,30,34,38,36,25,20,23,19,29,15,71,76,91,107,128,130,122,126,171,209,158,123,93,82,"2,141",559,435,19,19,37,"1,069",433,436,22,24,157,"1,072",992,871,41,43,194,"2,141","1,686",309,3,6,14,33,0,"2,051","1,870",117,2,6,17,21,18,"2,051","1,882",0,126,2,12,4,25,"2,051","1,934",43,34,21,"2,032","1,901",86,136,18,"2,141",3,13,6,44,66,29,26,6,2,3,66,"1,373",691,24,"2,088",124,18,2,0,0,74,84,298,70,6,676,141,16,3,1,0,72,83,309,70,2,697,265,34,5,1,0,146,167,607,140,8,"1,373",302,108,82,40,29,561,604,324,328,200,189,"1,645",82,131,178,122,131,644,0,44,31,17,8,4,104,0,123,44,18,1,1,187,0,0,16,17,10,7,50,220,167,91,52,19,12,561,72,106,42,220,30,67,8,105,2,14,0,16,161,167,138,466,46,86,21,153,4,21,0,25,56,48,50,51,136,341,245,215,178,180,387,"1,205",16,89,115,25,27,52,55,182,561,32,178,230,82,96,209,219,599,"1,645",200,87,148,148,252,835,285,193,14,177,22,14,78,5,15,2,12,14,35,4,870,285,386,28,742,87,35,192,15,74,8,41,74,75,14,"2,056",285,302,106,93,47,22,11,4,870,285,604,318,372,235,132,77,33,"2,056",847,6,1,3,13,870,"2,003",14,1,3,35,"2,056",55,157,88,48,83,117,120,150,27,22,867,112,293,182,94,189,258,327,460,84,54,"2,053",151,579,45,54,0,22,16,867,516,"1,215",108,130,0,33,51,"2,053",3,22,68,110,204,177,113,132,38,867,3,33,134,219,445,399,317,416,87,"2,053",14,452,10,25,65,269,6,7,10,9,867,539,233,36,38,0,21,867,112,673,56,5,1,20,867,881,15,410,303,"1,609",3,39,316,7,111,76,14,305,44,5,878,305,0,48,62,138,307,47,8,915,621,7,159,138,152,612,91,13,"1,793",36,175,131,280,162,93,192,"1,069",31,251,188,141,159,57,245,"1,072",67,426,319,421,321,150,437,"2,141",73,20,76,135,106,92,74,57,64,5,168,870,190,46,182,344,261,211,163,173,162,11,313,"2,056",131,69,98,61,97,17,20,115,170,778,141,60,86,67,91,37,30,139,181,832,272,129,184,128,188,54,50,254,351,"1,610",76,24,62,21,138,45,20,8,9,23,23,132,34,6,25,0,498,778,53,8,19,91,19,4,5,90,56,0,487,832,73,16,28,114,42,136,39,96,81,0,985,"1,610",25,200,140,136,63,59,28,42,36,15,1,33,778,34,203,117,122,73,35,44,76,57,42,1,28,832,59,403,257,258,136,94,72,118,93,57,2,61,"1,610",28,4,3,1,1,397,22,70,4,42,28,600,35,5,89,2,0,22,191,1,0,0,10,355,63,9,92,3,1,419,213,71,4,42,38,955,37,57,55,91,113,255,186,76,43,913,396,218,90,68,54,23,64,913,189,243,432,59,79,138,491,485,976,378,365,743,154,175,329,25,28,53,6,5,11,15,14,29,"1,069","1,072","2,141",31,35,33,13,152,13,21,36,59,34,427,21,67,24,59,25,71,19,9,35,23,353,52,102,57,72,177,84,40,45,94,57,780,36,55,30,54,26,17,45,53,316,5,0,12,47,7,19,125,90,305,41,55,42,101,33,36,170,143,621,117,446,234,49,10,11,867,485,367,15,867,422,120,308,17,867
DA07AABF-F52C-4CD5-B308-E3064159AF60,LPT2012_159022,Dúiche Sheoigheach agus Tuar Mhic Éadaigh,20,16,16,25,17,24,18,13,22,26,17,17,11,18,15,21,21,15,22,10,64,75,92,83,95,113,104,126,130,127,85,61,47,23,"1,589",16,12,17,15,25,23,10,12,13,19,12,22,20,22,15,41,77,11,14,17,64,61,90,88,90,103,116,128,112,108,83,47,51,42,"1,596",36,28,33,40,42,47,28,25,35,45,29,39,31,40,30,62,98,26,36,27,128,136,182,171,185,216,220,254,242,235,168,108,98,65,"3,185",797,692,29,29,42,"1,589",690,695,30,32,149,"1,596","1,487","1,387",59,61,191,"3,185","2,567",266,19,1,56,110,0,"3,019","2,774",108,19,1,47,47,23,"3,019","2,755",1,195,4,19,14,31,"3,019","2,846",64,39,35,"2,984","2,734",176,232,43,"3,185",19,32,1,126,178,112,42,15,0,9,178,"2,088",958,42,"3,088",221,24,2,1,1,202,155,336,92,13,"1,047",294,45,3,2,0,155,136,329,70,7,"1,041",515,69,5,3,1,357,291,665,162,20,"2,088",350,167,132,94,40,783,700,501,528,470,250,"2,449",68,194,272,283,170,987,0,59,80,44,11,3,197,0,149,51,31,6,1,238,0,0,20,26,15,5,66,282,208,151,101,32,9,783,162,172,63,397,32,55,3,90,3,11,0,14,357,283,197,837,48,75,7,130,5,15,0,20,121,80,62,69,169,501,502,329,271,271,512,"1,885",43,109,130,60,74,63,79,225,783,86,218,260,203,291,275,334,782,"2,449",281,109,218,186,286,"1,080",340,226,38,357,18,14,76,12,14,0,8,10,25,12,"1,150",340,452,76,"1,484",67,34,188,37,65,0,28,55,53,28,"2,907",340,352,173,140,100,33,10,2,"1,150",340,704,519,560,500,198,70,16,"2,907","1,115",9,0,0,26,"1,150","2,824",10,0,0,73,"2,907",111,146,115,100,117,106,159,233,29,34,"1,150",213,292,263,214,247,270,504,718,96,90,"2,907",278,685,87,39,2,30,29,"1,150",985,"1,518",199,75,2,54,74,"2,907",6,24,78,122,208,284,183,191,54,"1,150",7,36,151,237,425,750,524,646,131,"2,907",17,734,8,48,30,208,8,63,10,24,"1,150",405,228,71,397,6,43,"1,150",82,945,79,4,1,39,"1,150","1,179",52,342,302,"1,875",8,234,767,8,72,99,32,282,51,3,"1,314",573,8,54,187,229,242,44,6,"1,343","1,340",16,126,286,261,524,95,9,"2,657",139,436,196,296,203,67,252,"1,589",97,450,286,145,184,41,393,"1,596",236,886,482,441,387,108,645,"3,185",112,39,102,138,92,86,42,57,274,13,195,"1,150",326,106,305,341,260,232,101,171,658,34,373,"2,907",154,49,106,62,128,33,33,227,370,"1,162",84,36,71,66,126,39,56,285,354,"1,117",238,85,177,128,254,72,89,512,724,"2,279",99,53,187,39,286,92,25,15,17,68,35,181,95,21,34,0,671,"1,162",83,21,35,175,41,11,16,119,65,1,550,"1,117",108,36,52,243,76,192,111,140,99,1,"1,221","2,279",36,258,181,211,59,97,41,83,76,54,10,56,"1,162",23,192,106,190,91,45,63,103,128,103,6,67,"1,117",59,450,287,401,150,142,104,186,204,157,16,123,"2,279",40,7,9,4,2,765,37,142,18,138,85,"1,247",70,7,207,4,0,25,298,1,0,3,14,629,110,14,216,8,2,790,335,143,18,141,99,"1,876",78,137,151,226,309,344,277,107,106,"1,735",570,392,323,111,151,49,139,"1,735",197,211,408,78,83,161,862,884,"1,746",487,489,976,186,168,354,17,22,39,1,1,2,36,32,68,"1,589","1,596","3,185",61,82,75,17,327,26,21,105,65,60,839,45,134,68,85,59,80,42,19,45,50,627,106,216,143,102,386,106,63,124,110,110,"1,466",197,80,121,95,45,39,77,113,767,30,5,42,104,22,30,203,137,573,227,85,163,199,67,69,280,250,"1,340",111,464,445,81,27,22,"1,150",682,436,32,"1,150",506,227,385,32,"1,150"
038DBFE3-CD0F-4514-86EF-35713937F261,LPT2012_169020,Ráth Chairn agus Baile Ghib,13,9,22,14,15,14,22,13,12,11,14,16,12,9,19,18,19,14,17,13,51,53,53,65,61,68,72,67,51,41,24,15,15,7,939,8,14,15,14,19,9,12,18,11,15,13,6,13,22,18,18,14,17,18,12,38,50,57,57,58,71,84,76,47,26,28,18,9,13,918,21,23,37,28,34,23,34,31,23,26,27,22,25,31,37,36,33,31,35,25,89,103,110,122,119,139,156,143,98,67,52,33,24,20,"1,857",499,404,15,8,13,939,431,414,17,9,47,918,930,818,32,17,60,"1,857","1,682",108,8,4,10,39,0,"1,851","1,783",23,9,4,11,10,11,"1,851","1,765",2,56,1,0,15,12,"1,851","1,757",48,15,10,"1,830","1,653",62,129,13,"1,857",9,17,3,52,81,59,12,5,3,2,81,"1,062",704,10,"1,776",122,44,1,3,0,81,58,142,48,3,502,157,48,5,1,2,110,53,132,50,2,560,279,92,6,4,2,191,111,274,98,5,"1,062",165,103,131,70,41,510,330,309,524,350,253,"1,766",33,121,262,210,172,798,0,49,77,26,6,0,158,0,69,54,14,4,1,142,0,0,18,30,25,5,78,132,118,149,70,35,6,510,142,110,74,326,14,26,3,43,2,6,1,9,282,200,242,724,20,32,9,61,3,8,2,13,111,57,68,52,90,378,441,249,320,208,284,"1,502",36,64,32,55,57,46,81,139,510,72,128,64,187,223,195,360,537,"1,766",154,66,137,124,139,620,105,103,16,280,25,8,30,7,11,1,5,12,9,2,614,105,206,32,"1,197",99,20,73,22,57,4,15,69,18,6,"1,923",105,149,106,129,79,36,6,4,614,105,298,318,516,395,216,42,33,"1,923",598,1,0,6,9,614,"1,873",2,0,17,31,"1,923",65,102,31,19,55,70,81,148,27,10,608,144,250,82,54,159,226,321,549,89,32,"1,906",276,257,48,3,2,17,5,608,"1,068",641,146,10,3,26,12,"1,906",3,11,26,50,87,119,107,182,23,608,6,18,62,102,209,373,384,694,58,"1,906",7,414,1,17,33,88,6,31,6,5,608,361,58,12,163,1,13,608,87,435,70,3,3,10,608,608,12,3,31,654,0,0,458,8,32,94,10,91,31,0,724,364,4,30,98,119,74,19,3,711,822,12,62,192,129,165,50,3,"1,435",81,266,113,216,100,52,111,939,81,308,201,124,79,21,104,918,162,574,314,340,179,73,215,"1,857",77,35,81,81,74,46,28,38,60,4,90,614,298,122,261,258,247,130,82,135,178,13,199,"1,923",35,39,54,34,77,18,17,126,210,610,10,15,24,52,74,29,27,148,207,586,45,54,78,86,151,47,44,274,417,"1,196",94,20,98,27,192,47,23,14,7,36,19,121,37,9,25,1,318,610,65,8,14,98,7,10,4,89,36,1,254,586,88,22,21,134,26,131,41,98,61,2,572,"1,196",14,80,115,111,52,61,16,37,49,49,6,20,610,6,35,84,116,70,22,33,40,86,65,2,27,586,20,115,199,227,122,83,49,77,135,114,8,47,"1,196",19,1,23,1,0,550,25,110,12,56,24,821,42,1,81,0,0,18,305,2,0,1,16,466,61,2,104,1,0,568,330,112,12,57,40,"1,287",113,93,121,170,264,218,175,39,37,"1,230",441,305,138,87,131,63,65,"1,230",106,96,202,32,53,85,613,602,"1,215",241,225,466,64,65,129,6,8,14,3,2,5,12,16,28,939,918,"1,857",42,75,43,10,148,10,19,71,39,33,490,32,98,29,84,18,69,24,3,18,19,394,74,173,72,94,166,79,43,74,57,52,884,54,76,82,88,38,25,47,48,458,7,7,16,77,14,29,162,52,364,61,83,98,165,52,54,209,100,822,28,183,298,59,33,7,608,431,168,9,608,370,96,135,7,608
0843489B-31A4-4F8A-A3D8-DC5C3B0D7D95,LPT2012_229020,Na Déise,14,4,22,15,11,13,24,16,19,14,11,8,19,14,15,12,14,6,14,10,36,33,52,47,75,74,74,57,49,37,30,26,16,7,888,18,7,13,8,15,14,16,16,16,19,18,17,42,13,16,16,15,21,11,7,30,24,46,71,73,72,64,62,45,41,29,19,18,16,928,32,11,35,23,26,27,40,32,35,33,29,25,61,27,31,28,29,27,25,17,66,57,98,118,148,146,138,119,94,78,59,45,34,23,"1,816",467,366,16,18,21,888,449,372,28,16,63,928,916,738,44,34,84,"1,816","1,595",127,8,2,29,41,0,"1,802","1,638",60,8,2,25,11,58,"1,802","1,618",3,96,1,7,14,63,"1,802","1,647",42,64,17,"1,770","1,530",77,145,64,"1,816",11,15,0,77,103,70,21,5,2,5,103,"1,286",433,19,"1,738",138,69,1,0,0,150,80,150,33,0,621,186,85,1,0,0,163,77,127,24,2,665,324,154,2,0,0,313,157,277,57,2,"1,286",180,110,94,57,39,480,360,330,376,285,242,"1,593",52,130,190,174,164,710,0,58,57,26,18,1,160,0,84,42,10,1,1,138,0,0,13,20,18,3,54,128,142,112,56,37,5,480,138,87,50,275,22,39,4,65,0,12,0,12,297,142,161,600,32,49,13,94,0,16,0,16,91,66,57,48,90,352,389,277,239,165,267,"1,337",27,59,42,40,64,56,67,125,480,54,118,84,128,275,224,281,429,"1,593",124,84,123,118,143,592,141,101,16,238,23,9,56,9,13,3,4,4,11,6,634,141,202,32,"1,008",90,20,137,28,66,11,15,18,23,13,"1,804",141,176,114,98,63,36,3,3,634,141,352,342,392,315,216,21,25,"1,804",620,7,0,1,6,634,"1,774",13,0,1,16,"1,804",59,63,22,20,77,58,81,214,18,21,633,121,125,44,45,187,161,266,734,64,56,"1,803",219,290,50,43,0,17,14,633,816,662,136,121,0,36,32,"1,803",3,11,43,49,110,128,110,146,33,633,3,19,87,110,269,364,353,523,75,"1,803",9,448,3,21,90,2,6,33,9,12,633,379,6,13,222,2,11,633,280,282,48,3,2,18,633,638,16,94,69,817,1,39,404,1,45,73,12,105,28,1,669,319,4,26,88,109,101,31,2,680,723,5,71,161,121,206,59,3,"1,349",85,239,109,157,117,53,128,888,80,303,160,107,102,23,153,928,165,542,269,264,219,76,281,"1,816",67,38,85,86,61,59,19,36,67,11,105,634,219,112,249,243,179,170,53,102,214,41,222,"1,804",49,32,62,45,72,22,19,125,145,571,27,15,36,37,69,26,27,190,137,564,76,47,98,82,141,48,46,315,282,"1,135",73,25,88,28,161,53,27,5,14,31,23,90,61,11,16,1,292,571,52,16,17,90,25,8,6,86,29,0,235,564,79,21,31,121,48,98,67,97,45,1,527,"1,135",6,74,117,86,38,58,25,46,49,40,2,30,571,5,44,58,105,50,28,34,54,85,65,7,29,564,11,118,175,191,88,86,59,100,134,105,9,59,"1,135",30,5,2,0,1,502,28,70,6,53,22,719,35,5,68,2,0,26,316,1,0,31,15,499,65,10,70,2,1,528,344,71,6,84,37,"1,218",72,77,85,133,219,396,64,44,44,"1,134",501,321,69,74,89,17,63,"1,134",107,123,230,45,63,108,561,589,"1,150",218,217,435,67,67,134,6,11,17,4,4,8,32,40,72,888,928,"1,816",35,50,47,16,158,13,6,54,44,26,449,18,97,43,57,20,49,21,6,21,13,345,53,147,90,73,178,62,27,60,65,39,794,83,36,72,47,29,21,61,55,404,12,1,28,55,15,16,149,43,319,95,37,100,102,44,37,210,98,723,35,223,297,54,9,15,633,456,161,16,633,395,94,127,17,633
